Date,UpperBound_T1,UpperBound_T2,UpperBound_T3,Quant_T1,Quant_T2,Quant_T3,IRF_T1,IRF_T2,IRF_T3,Rate_Stab,Annuity_monthly_dollars,PayGo_monthly_dollars,IRF_revenue_needed,Opex_monthly_dollars,Quant_T1_upd,Quant_T2_upd,Quant_T3_upd,IRF_T1_upd,IRF_T2_upd,IRF_T3_upd,Quant_T1_upd_inc_inf1,Quant_T2_upd_inc_inf1,Quant_T3_upd_inc_inf1,IRF_T1_upd_inc_inf1,IRF_T2_upd_inc_inf1,IRF_T3_upd_inc_inf1,Quant_T1_upd_inc_inf2,Quant_T2_upd_inc_inf2,Quant_T3_upd_inc_inf2,IRF_T1_upd_inc_inf2,IRF_T2_upd_inc_inf2,IRF_T3_upd_inc_inf2,demand_t1,demand_t2,demand_t3
2020-10-01,5.0,9.0,9999.0,7.33,9.9,12.1,2.3,4.37,6.9,1.0,0.0,0.0,0.0,0.0,7.33,9.9,12.1,2.3,4.37,6.9,0.0,0.0,0.0,0.0,0.0,0.0,0.0,0.0,0.0,0.0,0.0,0.0,85076.71548145406,21208.24447018055,5822.216282860104
2020-11-01,5.0,9.0,9999.0,7.33,9.9,12.1,2.3,4.37,6.9,1.0,0.0,0.0,0.0,0.0,7.33,9.9,12.1,2.3,4.37,6.9,0.0,0.0,0.0,0.0,0.0,0.0,0.0,0.0,0.0,0.0,0.0,0.0,76447.80162033279,16132.97539637709,4399.129394571973
2020-12-01,5.0,9.0,9999.0,7.33,9.9,12.1,2.3,4.37,6.9,1.0,0.0,0.0,0.0,0.0,7.33,9.9,12.1,2.3,4.37,6.9,0.0,0.0,0.0,0.0,0.0,0.0,0.0,0.0,0.0,0.0,0.0,0.0,71661.59138724313,13972.725400136304,3822.745382411639
2021-01-01,5.0,9.0,9999.0,7.33,9.9,12.1,2.3,4.37,6.9,1.0,0.0,0.0,0.0,0.0,7.33,9.9,12.1,2.3,4.37,6.9,0.0,0.0,0.0,0.0,0.0,0.0,0.0,0.0,0.0,0.0,0.0,0.0,72498.86186521525,14323.892548669233,3914.3616285754406
2021-02-01,5.0,9.0,9999.0,7.33,9.9,12.1,2.3,4.37,6.9,1.0,0.0,0.0,0.0,0.0,7.33,9.9,12.1,2.3,4.37,6.9,0.0,0.0,0.0,0.0,0.0,0.0,0.0,0.0,0.0,0.0,0.0,0.0,73984.33299638772,14971.020198208584,4086.8545628985107
2021-03-01,5.0,9.0,9999.0,7.33,9.9,12.1,2.3,4.37,6.9,1.0,0.0,0.0,0.0,0.0,7.33,9.9,12.1,2.3,4.37,6.9,0.0,0.0,0.0,0.0,0.0,0.0,0.0,0.0,0.0,0.0,0.0,0.0,78177.69722982396,17013.93782320673,4637.2781629293495
2021-04-01,5.0,9.0,9999.0,7.33,9.9,12.1,2.3,4.37,6.9,1.0,0.0,0.0,0.0,0.0,7.33,9.9,12.1,2.3,4.37,6.9,0.0,0.0,0.0,0.0,0.0,0.0,0.0,0.0,0.0,0.0,0.0,0.0,80654.63588531331,18384.505935259225,5012.162011633674
2021-05-01,5.0,9.0,9999.0,7.33,9.9,12.1,2.3,4.37,6.9,1.0,0.0,0.0,0.0,0.0,7.33,9.9,12.1,2.3,4.37,6.9,0.0,0.0,0.0,0.0,0.0,0.0,0.0,0.0,0.0,0.0,0.0,0.0,85154.20588754324,21262.569961454697,5838.304102073756
2021-06-01,5.0,9.0,9999.0,7.33,9.9,12.1,2.3,4.37,6.9,1.0,0.0,0.0,0.0,0.0,7.33,9.9,12.1,2.3,4.37,6.9,0.0,0.0,0.0,0.0,0.0,0.0,0.0,0.0,0.0,0.0,0.0,0.0,88088.0489647023,23475.59946650653,6508.036956523159
2021-07-01,5.0,9.0,9999.0,7.33,9.9,12.1,2.3,4.37,6.9,1.0,0.0,0.0,0.0,0.0,7.33,9.9,12.1,2.3,4.37,6.9,0.0,0.0,0.0,0.0,0.0,0.0,0.0,0.0,0.0,0.0,0.0,0.0,90452.38240183551,25523.220883221034,7166.992598939803
2021-08-01,5.0,9.0,9999.0,7.33,9.9,12.1,2.3,4.37,6.9,1.0,0.0,0.0,0.0,0.0,7.33,9.9,12.1,2.3,4.37,6.9,0.0,0.0,0.0,0.0,0.0,0.0,0.0,0.0,0.0,0.0,0.0,0.0,89340.88303412715,24526.459716279107,6840.999604904494
2021-09-01,5.0,9.0,9999.0,7.33,9.9,12.1,2.3,4.37,6.9,1.0,0.0,0.0,0.0,0.0,7.33,9.9,12.1,2.3,4.37,6.9,0.0,0.0,0.0,0.0,0.0,0.0,0.0,0.0,0.0,0.0,0.0,0.0,91769.06848869314,26790.550175324166,7590.3586758944275
2021-10-01,5.0,9.0,9999.0,7.33,9.9,12.1,2.3,4.37,6.9,1.0,0.0,0.0,0.0,0.0,7.33,9.9,12.1,2.3,4.37,6.9,0.0,0.0,0.0,0.0,0.0,0.0,0.0,0.0,0.0,0.0,0.0,0.0,85170.83788856695,21274.217403772887,5841.7633236654765
2021-11-01,5.0,9.0,9999.0,7.33,9.9,12.1,2.3,4.37,6.9,1.0,0.0,0.0,0.0,0.0,7.33,9.9,12.1,2.3,4.37,6.9,0.0,0.0,0.0,0.0,0.0,0.0,0.0,0.0,0.0,0.0,0.0,0.0,77102.7075044099,16460.674932502356,4487.579865708716
2021-12-01,5.0,9.0,9999.0,7.33,9.9,12.1,2.3,4.37,6.9,1.0,0.0,0.0,0.0,0.0,7.33,9.9,12.1,2.3,4.37,6.9,0.0,0.0,0.0,0.0,0.0,0.0,0.0,0.0,0.0,0.0,0.0,0.0,74147.1905274296,15044.488281201116,4106.501263751281
2022-01-01,5.0,9.0,9999.0,7.33,9.9,12.1,2.3,4.37,6.9,1.0,0.0,0.0,0.0,0.0,7.33,9.9,12.1,2.3,4.37,6.9,0.0,0.0,0.0,0.0,0.0,0.0,0.0,0.0,0.0,0.0,0.0,0.0,74705.71599869833,15299.571454696785,4175.023545516564
2022-02-01,5.0,9.0,9999.0,7.33,9.9,12.1,2.3,4.37,6.9,1.0,0.0,0.0,0.0,0.0,7.33,9.9,12.1,2.3,4.37,6.9,0.0,0.0,0.0,0.0,0.0,0.0,0.0,0.0,0.0,0.0,0.0,0.0,73876.65741875426,14922.707140751158,4073.9502127958613
2022-03-01,5.0,9.0,9999.0,7.33,9.9,12.1,2.3,4.37,6.9,1.0,0.0,0.0,0.0,0.0,7.33,9.9,12.1,2.3,4.37,6.9,0.0,0.0,0.0,0.0,0.0,0.0,0.0,0.0,0.0,0.0,0.0,0.0,79704.16819486207,17842.380506303747,4862.236126445052
2022-04-01,5.0,9.0,9999.0,7.33,9.9,12.1,2.3,4.37,6.9,1.0,0.0,0.0,0.0,0.0,7.33,9.9,12.1,2.3,4.37,6.9,0.0,0.0,0.0,0.0,0.0,0.0,0.0,0.0,0.0,0.0,0.0,0.0,80492.4166910235,18290.300402245277,4985.848621799906
2022-05-01,5.0,9.0,9999.0,7.33,9.9,12.1,2.3,4.37,6.9,1.0,0.0,0.0,0.0,0.0,7.33,9.9,12.1,2.3,4.37,6.9,0.0,0.0,0.0,0.0,0.0,0.0,0.0,0.0,0.0,0.0,0.0,0.0,83114.27749032217,19890.100319219542,5437.743076852004
2022-06-01,5.0,9.0,9999.0,7.33,9.9,12.1,2.3,4.37,6.9,1.0,0.0,0.0,0.0,0.0,7.33,9.9,12.1,2.3,4.37,6.9,0.0,0.0,0.0,0.0,0.0,0.0,0.0,0.0,0.0,0.0,0.0,0.0,87473.12098353518,22983.245573965534,6356.245234997857
2022-07-01,5.0,9.0,9999.0,7.33,9.9,12.1,2.3,4.37,6.9,1.0,0.0,0.0,0.0,0.0,7.33,9.9,12.1,2.3,4.37,6.9,0.0,0.0,0.0,0.0,0.0,0.0,0.0,0.0,0.0,0.0,0.0,0.0,86579.16023810497,22295.077494102763,6147.264238333296
2022-08-01,5.0,9.0,9999.0,7.33,9.9,12.1,2.3,4.37,6.9,1.0,0.0,0.0,0.0,0.0,7.33,9.9,12.1,2.3,4.37,6.9,0.0,0.0,0.0,0.0,0.0,0.0,0.0,0.0,0.0,0.0,0.0,0.0,89464.2514458981,24633.803273651414,6875.775243384122
2022-09-01,5.0,9.0,9999.0,7.33,9.9,12.1,2.3,4.37,6.9,1.0,0.0,0.0,0.0,0.0,7.33,9.9,12.1,2.3,4.37,6.9,0.0,0.0,0.0,0.0,0.0,0.0,0.0,0.0,0.0,0.0,0.0,0.0,87932.63459955092,23349.526215442704,6469.071934637097
2022-10-01,5.0,9.0,9999.0,7.33,9.9,12.1,2.3,4.37,6.9,1.0,0.0,0.0,0.0,0.0,7.33,9.9,12.1,2.3,4.37,6.9,0.0,0.0,0.0,0.0,0.0,0.0,0.0,0.0,0.0,0.0,0.0,0.0,80395.84439009306,18234.62473287156,4970.330653337067
2022-11-01,5.0,9.0,9999.0,7.33,9.9,12.1,2.3,4.37,6.9,1.0,0.0,0.0,0.0,0.0,7.33,9.9,12.1,2.3,4.37,6.9,0.0,0.0,0.0,0.0,0.0,0.0,0.0,0.0,0.0,0.0,0.0,0.0,75765.31187056692,15798.595148787032,4309.092086682852
2022-12-01,5.0,9.0,9999.0,7.33,9.9,12.1,2.3,4.37,6.9,1.0,0.0,0.0,0.0,0.0,7.33,9.9,12.1,2.3,4.37,6.9,0.0,0.0,0.0,0.0,0.0,0.0,0.0,0.0,0.0,0.0,0.0,0.0,70412.90383430473,13468.916975201257,3691.3697006623934
2023-01-01,5.0,9.0,9999.0,7.33,9.9,12.1,2.3,4.37,6.9,1.0,0.0,0.0,0.0,0.0,7.33,9.9,12.1,2.3,4.37,6.9,0.0,0.0,0.0,0.0,0.0,0.0,0.0,0.0,0.0,0.0,0.0,0.0,71708.8425346421,13992.26761659997,3827.8426639267936
2023-02-01,5.0,9.0,9999.0,7.33,9.9,12.1,2.3,4.37,6.9,1.0,0.0,0.0,0.0,0.0,7.33,9.9,12.1,2.3,4.37,6.9,0.0,0.0,0.0,0.0,0.0,0.0,0.0,0.0,0.0,0.0,0.0,0.0,77005.94166227044,16411.89701277834,4474.405654725036
2023-03-01,5.0,9.0,9999.0,7.33,9.9,12.1,2.3,4.37,6.9,1.0,0.0,0.0,0.0,0.0,7.33,9.9,12.1,2.3,4.37,6.9,0.0,0.0,0.0,0.0,0.0,0.0,0.0,0.0,0.0,0.0,0.0,0.0,79600.17274017126,17784.23935685799,4846.382446216209
2023-04-01,5.0,9.0,9999.0,7.33,9.9,12.1,2.3,4.37,6.9,1.0,0.0,0.0,0.0,0.0,7.33,9.9,12.1,2.3,4.37,6.9,0.0,0.0,0.0,0.0,0.0,0.0,0.0,0.0,0.0,0.0,0.0,0.0,78817.92326664556,17355.40036471777,4729.823715148865
2023-05-01,5.0,9.0,9999.0,7.33,9.9,12.1,2.3,4.37,6.9,1.0,0.0,0.0,0.0,0.0,7.33,9.9,12.1,2.3,4.37,6.9,0.0,0.0,0.0,0.0,0.0,0.0,0.0,0.0,0.0,0.0,0.0,0.0,82301.4125717449,19375.06739675043,5290.839101613582
2023-06-01,5.0,9.0,9999.0,7.33,9.9,12.1,2.3,4.37,6.9,1.0,0.0,0.0,0.0,0.0,7.33,9.9,12.1,2.3,4.37,6.9,0.0,0.0,0.0,0.0,0.0,0.0,0.0,0.0,0.0,0.0,0.0,0.0,86690.66714654831,22379.13776785805,6172.493847587031
2023-07-01,5.0,9.0,9999.0,7.33,9.9,12.1,2.3,4.37,6.9,1.0,0.0,0.0,0.0,0.0,7.33,9.9,12.1,2.3,4.37,6.9,0.0,0.0,0.0,0.0,0.0,0.0,0.0,0.0,0.0,0.0,0.0,0.0,87739.97723727362,23194.99548420359,6421.430627740525
2023-08-01,5.0,9.0,9999.0,7.33,9.9,12.1,2.3,4.37,6.9,1.0,0.0,0.0,0.0,0.0,7.33,9.9,12.1,2.3,4.37,6.9,0.0,0.0,0.0,0.0,0.0,0.0,0.0,0.0,0.0,0.0,0.0,0.0,87599.38924646408,23083.089879882053,6386.963954369389
2023-09-01,5.0,9.0,9999.0,7.33,9.9,12.1,2.3,4.37,6.9,1.0,0.0,0.0,0.0,0.0,7.33,9.9,12.1,2.3,4.37,6.9,0.0,0.0,0.0,0.0,0.0,0.0,0.0,0.0,0.0,0.0,0.0,0.0,85930.49610595896,21816.078113940213,6003.654598175473
2023-10-01,5.0,9.0,9999.0,7.33,9.9,12.1,2.3,4.37,6.9,1.0,0.0,0.0,0.0,0.0,7.33,9.9,12.1,2.3,4.37,6.9,0.0,0.0,0.0,0.0,0.0,0.0,0.0,0.0,0.0,0.0,0.0,0.0,83436.30594392061,20099.077372913245,5497.905093939076
2023-11-01,5.0,9.0,9999.0,7.33,9.9,12.1,2.3,4.37,6.9,1.0,0.0,0.0,0.0,0.0,7.33,9.9,12.1,2.3,4.37,6.9,0.0,0.0,0.0,0.0,0.0,0.0,0.0,0.0,0.0,0.0,0.0,0.0,77939.9292016723,16889.5093121537,4603.628573356549
2023-12-01,5.0,9.0,9999.0,7.33,9.9,12.1,2.3,4.37,6.9,1.0,0.0,0.0,0.0,0.0,7.33,9.9,12.1,2.3,4.37,6.9,0.0,0.0,0.0,0.0,0.0,0.0,0.0,0.0,0.0,0.0,0.0,0.0,77109.85505923456,16464.2816007627,4488.554215969503
2024-01-01,5.0,9.0,9999.0,7.33,9.9,12.1,2.3,4.37,6.9,1.0,0.0,0.0,0.0,0.0,7.33,9.9,12.1,2.3,4.37,6.9,0.0,0.0,0.0,0.0,0.0,0.0,0.0,0.0,0.0,0.0,0.0,0.0,73056.08344089953,14562.302924161731,3977.451609033718
2024-02-01,5.0,9.0,9999.0,7.33,9.9,12.1,2.3,4.37,6.9,1.0,0.0,0.0,0.0,0.0,7.33,9.9,12.1,2.3,4.37,6.9,0.0,0.0,0.0,0.0,0.0,0.0,0.0,0.0,0.0,0.0,0.0,0.0,77314.4072220643,16567.895690056357,4516.577040693853
2024-03-01,5.0,9.0,9999.0,7.33,9.9,12.1,2.3,4.37,6.9,1.0,0.0,0.0,0.0,0.0,7.33,9.9,12.1,2.3,4.37,6.9,0.0,0.0,0.0,0.0,0.0,0.0,0.0,0.0,0.0,0.0,0.0,0.0,77868.54958892142,16852.447772065596,4593.581832349673
2024-04-01,5.0,9.0,9999.0,7.33,9.9,12.1,2.3,4.37,6.9,1.0,0.0,0.0,0.0,0.0,7.33,9.9,12.1,2.3,4.37,6.9,0.0,0.0,0.0,0.0,0.0,0.0,0.0,0.0,0.0,0.0,0.0,0.0,78350.74282923601,17105.31261185057,4662.037512732766
2024-05-01,5.0,9.0,9999.0,7.33,9.9,12.1,2.3,4.37,6.9,1.0,0.0,0.0,0.0,0.0,7.33,9.9,12.1,2.3,4.37,6.9,0.0,0.0,0.0,0.0,0.0,0.0,0.0,0.0,0.0,0.0,0.0,0.0,83612.6973212513,20214.803780726885,5531.346644462569
2024-06-01,5.0,9.0,9999.0,7.33,9.9,12.1,2.3,4.37,6.9,1.0,0.0,0.0,0.0,0.0,7.33,9.9,12.1,2.3,4.37,6.9,0.0,0.0,0.0,0.0,0.0,0.0,0.0,0.0,0.0,0.0,0.0,0.0,85827.10793486604,21741.25625675293,5981.160304839254
2024-07-01,5.0,9.0,9999.0,7.33,9.9,12.1,2.3,4.37,6.9,1.0,0.0,0.0,0.0,0.0,7.33,9.9,12.1,2.3,4.37,6.9,0.0,0.0,0.0,0.0,0.0,0.0,0.0,0.0,0.0,0.0,0.0,0.0,87619.7983123926,23099.292520716193,6391.952608575037
2024-08-01,5.0,9.0,9999.0,7.33,9.9,12.1,2.3,4.37,6.9,1.0,0.0,0.0,0.0,0.0,7.33,9.9,12.1,2.3,4.37,6.9,0.0,0.0,0.0,0.0,0.0,0.0,0.0,0.0,0.0,0.0,0.0,0.0,88454.9400371625,23776.84296568079,6602.075762498411
2024-09-01,5.0,9.0,9999.0,7.33,9.9,12.1,2.3,4.37,6.9,1.0,0.0,0.0,0.0,0.0,7.33,9.9,12.1,2.3,4.37,6.9,0.0,0.0,0.0,0.0,0.0,0.0,0.0,0.0,0.0,0.0,0.0,0.0,87065.3853349829,22665.217609276355,6258.995002737811
2024-10-01,5.0,9.0,9999.0,7.33,9.9,12.1,2.3,4.37,6.9,1.0,0.0,0.0,0.0,0.0,7.33,9.9,12.1,2.3,4.37,6.9,0.0,0.0,0.0,0.0,0.0,0.0,0.0,0.0,0.0,0.0,0.0,0.0,85384.13948611621,21424.400928035855,5886.409847396293
2024-11-01,5.0,9.0,9999.0,7.33,9.9,12.1,2.3,4.37,6.9,1.0,0.0,0.0,0.0,0.0,7.33,9.9,12.1,2.3,4.37,6.9,0.0,0.0,0.0,0.0,0.0,0.0,0.0,0.0,0.0,0.0,0.0,0.0,80172.70441017636,18106.896700273945,4934.946622074528
2024-12-01,5.0,9.0,9999.0,7.33,9.9,12.1,2.3,4.37,6.9,1.0,0.0,0.0,0.0,0.0,7.33,9.9,12.1,2.3,4.37,6.9,0.0,0.0,0.0,0.0,0.0,0.0,0.0,0.0,0.0,0.0,0.0,0.0,77231.67564758353,16525.916541454506,4505.223354389231
2025-01-01,5.0,9.0,9999.0,7.33,9.9,12.1,2.3,4.37,6.9,1.0,0.0,0.0,0.0,0.0,7.33,9.9,12.1,2.3,4.37,6.9,0.0,0.0,0.0,0.0,0.0,0.0,0.0,0.0,0.0,0.0,0.0,0.0,76695.82183667284,16256.393857568088,4432.374464938793
2025-02-01,5.0,9.0,9999.0,7.33,9.9,12.1,2.3,4.37,6.9,1.0,0.0,0.0,0.0,0.0,7.33,9.9,12.1,2.3,4.37,6.9,0.0,0.0,0.0,0.0,0.0,0.0,0.0,0.0,0.0,0.0,0.0,0.0,77516.78361305041,16671.086639882447,4544.535207393009
2025-03-01,5.0,9.0,9999.0,7.33,9.9,12.1,2.3,4.37,6.9,1.0,0.0,0.0,0.0,0.0,7.33,9.9,12.1,2.3,4.37,6.9,0.0,0.0,0.0,0.0,0.0,0.0,0.0,0.0,0.0,0.0,0.0,0.0,81068.66995994786,18627.112734601276,5080.059985147744
2025-04-01,5.0,9.0,9999.0,7.33,9.9,12.1,2.3,4.37,6.9,1.0,0.0,0.0,0.0,0.0,7.33,9.9,12.1,2.3,4.37,6.9,0.0,0.0,0.0,0.0,0.0,0.0,0.0,0.0,0.0,0.0,0.0,0.0,79507.1046161398,17732.460093338123,4832.316620082436
2025-05-01,5.0,9.0,9999.0,7.33,9.9,12.1,2.3,4.37,6.9,1.0,0.0,0.0,0.0,0.0,7.33,9.9,12.1,2.3,4.37,6.9,0.0,0.0,0.0,0.0,0.0,0.0,0.0,0.0,0.0,0.0,0.0,0.0,86743.86789427965,22419.47497111711,6184.624104184708
2025-06-01,5.0,9.0,9999.0,7.33,9.9,12.1,2.3,4.37,6.9,1.0,0.0,0.0,0.0,0.0,7.33,9.9,12.1,2.3,4.37,6.9,0.0,0.0,0.0,0.0,0.0,0.0,0.0,0.0,0.0,0.0,0.0,0.0,87599.26200633233,23082.988896273408,6386.932857587031
2025-07-01,5.0,9.0,9999.0,7.33,9.9,12.1,2.3,4.37,6.9,1.0,0.0,0.0,0.0,0.0,7.33,9.9,12.1,2.3,4.37,6.9,0.0,0.0,0.0,0.0,0.0,0.0,0.0,0.0,0.0,0.0,0.0,0.0,89565.46020779277,24722.428810670583,6904.48420048238
2025-08-01,5.0,9.0,9999.0,7.33,9.9,12.1,2.3,4.37,6.9,1.0,0.0,0.0,0.0,0.0,7.33,9.9,12.1,2.3,4.37,6.9,0.0,0.0,0.0,0.0,0.0,0.0,0.0,0.0,0.0,0.0,0.0,0.0,89760.13959315946,24894.635258645874,6960.476112476264
2025-09-01,5.0,9.0,9999.0,7.33,9.9,12.1,2.3,4.37,6.9,1.0,0.0,0.0,0.0,0.0,7.33,9.9,12.1,2.3,4.37,6.9,0.0,0.0,0.0,0.0,0.0,0.0,0.0,0.0,0.0,0.0,0.0,0.0,88828.42367093015,24088.58956906574,6700.355333651445
2025-10-01,5.0,9.0,9999.0,7.33,9.9,12.1,2.3,4.37,6.9,1.0,0.0,0.0,0.0,0.0,7.33,9.9,12.1,2.3,4.37,6.9,0.0,0.0,0.0,0.0,0.0,0.0,0.0,0.0,0.0,0.0,0.0,0.0,85165.50564950846,21270.482379943,5840.65408339197
2025-11-01,5.0,9.0,9999.0,7.33,9.9,12.1,2.3,4.37,6.9,1.0,0.0,0.0,0.0,0.0,7.33,9.9,12.1,2.3,4.37,6.9,0.0,0.0,0.0,0.0,0.0,0.0,0.0,0.0,0.0,0.0,0.0,0.0,77816.09514819847,16825.260627878895,4586.213626510698
2025-12-01,5.0,9.0,9999.0,7.33,9.9,12.1,2.3,4.37,6.9,1.0,0.0,0.0,0.0,0.0,7.33,9.9,12.1,2.3,4.37,6.9,0.0,0.0,0.0,0.0,0.0,0.0,0.0,0.0,0.0,0.0,0.0,0.0,75041.37349496048,15455.27170037039,4216.744529524119
2026-01-01,5.0,9.0,9999.0,7.33,9.9,12.1,2.3,4.37,6.9,1.0,0.0,0.0,0.0,0.0,7.33,9.9,12.1,2.3,4.37,6.9,0.0,0.0,0.0,0.0,0.0,0.0,0.0,0.0,0.0,0.0,0.0,0.0,74203.18869065896,15069.84079933339,4113.302277426803
2026-02-01,5.0,9.0,9999.0,7.33,9.9,12.1,2.3,4.37,6.9,1.0,0.0,0.0,0.0,0.0,7.33,9.9,12.1,2.3,4.37,6.9,0.0,0.0,0.0,0.0,0.0,0.0,0.0,0.0,0.0,0.0,0.0,0.0,77896.61326041917,16867.010728267527,4597.52995466645
2026-03-01,5.0,9.0,9999.0,7.33,9.9,12.1,2.3,4.37,6.9,1.0,0.0,0.0,0.0,0.0,7.33,9.9,12.1,2.3,4.37,6.9,0.0,0.0,0.0,0.0,0.0,0.0,0.0,0.0,0.0,0.0,0.0,0.0,79794.35251043751,17892.90168059887,4876.071355180043
2026-04-01,5.0,9.0,9999.0,7.33,9.9,12.1,2.3,4.37,6.9,1.0,0.0,0.0,0.0,0.0,7.33,9.9,12.1,2.3,4.37,6.9,0.0,0.0,0.0,0.0,0.0,0.0,0.0,0.0,0.0,0.0,0.0,0.0,77156.08898705622,16487.651983889205,4494.870498809017
2026-05-01,5.0,9.0,9999.0,7.33,9.9,12.1,2.3,4.37,6.9,1.0,0.0,0.0,0.0,0.0,7.33,9.9,12.1,2.3,4.37,6.9,0.0,0.0,0.0,0.0,0.0,0.0,0.0,0.0,0.0,0.0,0.0,0.0,83315.85527421671,20020.580922299894,5475.281398697878
2026-06-01,5.0,9.0,9999.0,7.33,9.9,12.1,2.3,4.37,6.9,1.0,0.0,0.0,0.0,0.0,7.33,9.9,12.1,2.3,4.37,6.9,0.0,0.0,0.0,0.0,0.0,0.0,0.0,0.0,0.0,0.0,0.0,0.0,85667.03047350766,21626.01006868578,5946.593790964794
2026-07-01,5.0,9.0,9999.0,7.33,9.9,12.1,2.3,4.37,6.9,1.0,0.0,0.0,0.0,0.0,7.33,9.9,12.1,2.3,4.37,6.9,0.0,0.0,0.0,0.0,0.0,0.0,0.0,0.0,0.0,0.0,0.0,0.0,87454.92222282299,22968.9020462162,6351.841200014496
2026-08-01,5.0,9.0,9999.0,7.33,9.9,12.1,2.3,4.37,6.9,1.0,0.0,0.0,0.0,0.0,7.33,9.9,12.1,2.3,4.37,6.9,0.0,0.0,0.0,0.0,0.0,0.0,0.0,0.0,0.0,0.0,0.0,0.0,90292.26270406216,25375.599004400894,7118.283501457443
2026-09-01,5.0,9.0,9999.0,7.33,9.9,12.1,2.3,4.37,6.9,1.0,0.0,0.0,0.0,0.0,7.33,9.9,12.1,2.3,4.37,6.9,0.0,0.0,0.0,0.0,0.0,0.0,0.0,0.0,0.0,0.0,0.0,0.0,89026.68774542774,24256.355973898724,6753.871577399049
2026-10-01,5.0,9.0,9999.0,7.33,9.9,12.1,2.3,4.37,6.9,1.0,0.0,0.0,0.0,0.0,7.33,9.9,12.1,2.3,4.37,6.9,0.0,0.0,0.0,0.0,0.0,0.0,0.0,0.0,0.0,0.0,0.0,0.0,81337.14824193,18786.351285009943,5124.900374302719
2026-11-01,5.0,9.0,9999.0,7.33,9.9,12.1,2.3,4.37,6.9,1.0,0.0,0.0,0.0,0.0,7.33,9.9,12.1,2.3,4.37,6.9,0.0,0.0,0.0,0.0,0.0,0.0,0.0,0.0,0.0,0.0,0.0,0.0,78702.95734589656,17293.42616544253,4713.002464143215
2026-12-01,5.0,9.0,9999.0,7.33,9.9,12.1,2.3,4.37,6.9,1.0,0.0,0.0,0.0,0.0,7.33,9.9,12.1,2.3,4.37,6.9,0.0,0.0,0.0,0.0,0.0,0.0,0.0,0.0,0.0,0.0,0.0,0.0,75939.45404733058,15882.921551361838,4331.830968712233
2027-01-01,5.0,9.0,9999.0,7.33,9.9,12.1,2.3,4.37,6.9,1.0,0.0,0.0,0.0,0.0,7.33,9.9,12.1,2.3,4.37,6.9,0.0,0.0,0.0,0.0,0.0,0.0,0.0,0.0,0.0,0.0,0.0,0.0,71837.57353724568,14045.756433383991,3841.7727174110714
2027-02-01,5.0,9.0,9999.0,7.33,9.9,12.1,2.3,4.37,6.9,1.0,0.0,0.0,0.0,0.0,7.33,9.9,12.1,2.3,4.37,6.9,0.0,0.0,0.0,0.0,0.0,0.0,0.0,0.0,0.0,0.0,0.0,0.0,77421.9045240668,16622.633007744993,4531.402592033234
2027-03-01,5.0,9.0,9999.0,7.33,9.9,12.1,2.3,4.37,6.9,1.0,0.0,0.0,0.0,0.0,7.33,9.9,12.1,2.3,4.37,6.9,0.0,0.0,0.0,0.0,0.0,0.0,0.0,0.0,0.0,0.0,0.0,0.0,75063.30198764123,15465.489881150126,4219.485278480019
2027-04-01,5.0,9.0,9999.0,7.33,9.9,12.1,2.3,4.37,6.9,1.0,0.0,0.0,0.0,0.0,7.33,9.9,12.1,2.3,4.37,6.9,0.0,0.0,0.0,0.0,0.0,0.0,0.0,0.0,0.0,0.0,0.0,0.0,79718.48390778358,17850.390093913942,4864.426988863405
2027-05-01,5.0,9.0,9999.0,7.33,9.9,12.1,2.3,4.37,6.9,1.0,0.0,0.0,0.0,0.0,7.33,9.9,12.1,2.3,4.37,6.9,0.0,0.0,0.0,0.0,0.0,0.0,0.0,0.0,0.0,0.0,0.0,0.0,83417.49440888062,20086.794130254362,5494.361558322473
2027-06-01,5.0,9.0,9999.0,7.33,9.9,12.1,2.3,4.37,6.9,1.0,0.0,0.0,0.0,0.0,7.33,9.9,12.1,2.3,4.37,6.9,0.0,0.0,0.0,0.0,0.0,0.0,0.0,0.0,0.0,0.0,0.0,0.0,85779.94774656226,21707.21148590105,5970.935490842478
2027-07-01,5.0,9.0,9999.0,7.33,9.9,12.1,2.3,4.37,6.9,1.0,0.0,0.0,0.0,0.0,7.33,9.9,12.1,2.3,4.37,6.9,0.0,0.0,0.0,0.0,0.0,0.0,0.0,0.0,0.0,0.0,0.0,0.0,88801.79182653979,24066.146556578824,6693.249973731368
2027-08-01,5.0,9.0,9999.0,7.33,9.9,12.1,2.3,4.37,6.9,1.0,0.0,0.0,0.0,0.0,7.33,9.9,12.1,2.3,4.37,6.9,0.0,0.0,0.0,0.0,0.0,0.0,0.0,0.0,0.0,0.0,0.0,0.0,90189.73479224746,25281.834073705333,7087.354119390065
2027-09-01,5.0,9.0,9999.0,7.33,9.9,12.1,2.3,4.37,6.9,1.0,0.0,0.0,0.0,0.0,7.33,9.9,12.1,2.3,4.37,6.9,0.0,0.0,0.0,0.0,0.0,0.0,0.0,0.0,0.0,0.0,0.0,0.0,87888.1053898138,23313.622031935338,6458.0054913983795
2027-10-01,5.0,9.0,9999.0,7.33,9.9,12.1,2.3,4.37,6.9,1.0,0.0,0.0,0.0,0.0,7.33,9.9,12.1,2.3,4.37,6.9,0.0,0.0,0.0,0.0,0.0,0.0,0.0,0.0,0.0,0.0,0.0,0.0,85433.98222692781,21459.747111329238,5896.93398678033
2027-11-01,5.0,9.0,9999.0,7.33,9.9,12.1,2.3,4.37,6.9,1.0,0.0,0.0,0.0,0.0,7.33,9.9,12.1,2.3,4.37,6.9,0.0,0.0,0.0,0.0,0.0,0.0,0.0,0.0,0.0,0.0,0.0,0.0,74984.16485025464,15428.647705319605,4209.603066758816
2027-12-01,5.0,9.0,9999.0,7.33,9.9,12.1,2.3,4.37,6.9,1.0,0.0,0.0,0.0,0.0,7.33,9.9,12.1,2.3,4.37,6.9,0.0,0.0,0.0,0.0,0.0,0.0,0.0,0.0,0.0,0.0,0.0,0.0,74435.68777056079,15175.751841762105,4141.764580095715
2028-01-01,5.0,9.0,9999.0,7.33,9.9,12.1,2.3,4.37,6.9,1.0,0.0,0.0,0.0,0.0,7.33,9.9,12.1,2.3,4.37,6.9,0.0,0.0,0.0,0.0,0.0,0.0,0.0,0.0,0.0,0.0,0.0,0.0,74334.82186486073,15129.746633222041,4129.3813001985545
2028-02-01,5.0,9.0,9999.0,7.33,9.9,12.1,2.3,4.37,6.9,1.0,0.0,0.0,0.0,0.0,7.33,9.9,12.1,2.3,4.37,6.9,0.0,0.0,0.0,0.0,0.0,0.0,0.0,0.0,0.0,0.0,0.0,0.0,77096.6146802079,16457.601690641164,4486.749443706666
2028-03-01,5.0,9.0,9999.0,7.33,9.9,12.1,2.3,4.37,6.9,1.0,0.0,0.0,0.0,0.0,7.33,9.9,12.1,2.3,4.37,6.9,0.0,0.0,0.0,0.0,0.0,0.0,0.0,0.0,0.0,0.0,0.0,0.0,77261.04117125287,16540.8019161703,4509.251726114585
2028-04-01,5.0,9.0,9999.0,7.33,9.9,12.1,2.3,4.37,6.9,1.0,0.0,0.0,0.0,0.0,7.33,9.9,12.1,2.3,4.37,6.9,0.0,0.0,0.0,0.0,0.0,0.0,0.0,0.0,0.0,0.0,0.0,0.0,80519.27981267434,18305.85578570695,4990.189050560672
2028-05-01,5.0,9.0,9999.0,7.33,9.9,12.1,2.3,4.37,6.9,1.0,0.0,0.0,0.0,0.0,7.33,9.9,12.1,2.3,4.37,6.9,0.0,0.0,0.0,0.0,0.0,0.0,0.0,0.0,0.0,0.0,0.0,0.0,82905.58247001415,19756.022732359495,5399.349394873872
2028-06-01,5.0,9.0,9999.0,7.33,9.9,12.1,2.3,4.37,6.9,1.0,0.0,0.0,0.0,0.0,7.33,9.9,12.1,2.3,4.37,6.9,0.0,0.0,0.0,0.0,0.0,0.0,0.0,0.0,0.0,0.0,0.0,0.0,83882.81371341352,20393.363440546535,5583.156608121466
2028-07-01,5.0,9.0,9999.0,7.33,9.9,12.1,2.3,4.37,6.9,1.0,0.0,0.0,0.0,0.0,7.33,9.9,12.1,2.3,4.37,6.9,0.0,0.0,0.0,0.0,0.0,0.0,0.0,0.0,0.0,0.0,0.0,0.0,88014.15966997937,23415.538456081602,6489.444130225106
2028-08-01,5.0,9.0,9999.0,7.33,9.9,12.1,2.3,4.37,6.9,1.0,0.0,0.0,0.0,0.0,7.33,9.9,12.1,2.3,4.37,6.9,0.0,0.0,0.0,0.0,0.0,0.0,0.0,0.0,0.0,0.0,0.0,0.0,89817.26345571865,24945.605555149876,6977.1099480126895
2028-09-01,5.0,9.0,9999.0,7.33,9.9,12.1,2.3,4.37,6.9,1.0,0.0,0.0,0.0,0.0,7.33,9.9,12.1,2.3,4.37,6.9,0.0,0.0,0.0,0.0,0.0,0.0,0.0,0.0,0.0,0.0,0.0,0.0,86014.8607148452,21877.488952005708,6022.090715283216
2028-10-01,5.0,9.0,9999.0,7.33,9.9,12.1,2.3,4.37,6.9,1.0,0.0,0.0,0.0,0.0,7.33,9.9,12.1,2.3,4.37,6.9,0.0,0.0,0.0,0.0,0.0,0.0,0.0,0.0,0.0,0.0,0.0,0.0,85935.12250033423,21819.438364878897,6004.663703358491
2028-11-01,5.0,9.0,9999.0,7.33,9.9,12.1,2.3,4.37,6.9,1.0,0.0,0.0,0.0,0.0,7.33,9.9,12.1,2.3,4.37,6.9,0.0,0.0,0.0,0.0,0.0,0.0,0.0,0.0,0.0,0.0,0.0,0.0,76942.40839047603,16379.935916577595,4465.772816870381
2028-12-01,5.0,9.0,9999.0,7.33,9.9,12.1,2.3,4.37,6.9,1.0,0.0,0.0,0.0,0.0,7.33,9.9,12.1,2.3,4.37,6.9,0.0,0.0,0.0,0.0,0.0,0.0,0.0,0.0,0.0,0.0,0.0,0.0,75041.37349496048,15455.27170037039,4216.744529524119
2029-01-01,5.0,9.0,9999.0,7.33,9.9,12.1,2.3,4.37,6.9,1.0,0.0,0.0,0.0,0.0,7.33,9.9,12.1,2.3,4.37,6.9,0.0,0.0,0.0,0.0,0.0,0.0,0.0,0.0,0.0,0.0,0.0,0.0,75069.7728855753,15468.5092658335,4220.294121050941
2029-02-01,5.0,9.0,9999.0,7.33,9.9,12.1,2.3,4.37,6.9,1.0,0.0,0.0,0.0,0.0,7.33,9.9,12.1,2.3,4.37,6.9,0.0,0.0,0.0,0.0,0.0,0.0,0.0,0.0,0.0,0.0,0.0,0.0,77411.15204127222,16617.153033984698,4529.915234785781
2029-03-01,5.0,9.0,9999.0,7.33,9.9,12.1,2.3,4.37,6.9,1.0,0.0,0.0,0.0,0.0,7.33,9.9,12.1,2.3,4.37,6.9,0.0,0.0,0.0,0.0,0.0,0.0,0.0,0.0,0.0,0.0,0.0,0.0,79793.36506064498,17892.347847349367,4875.919370882274
2029-04-01,5.0,9.0,9999.0,7.33,9.9,12.1,2.3,4.37,6.9,1.0,0.0,0.0,0.0,0.0,7.33,9.9,12.1,2.3,4.37,6.9,0.0,0.0,0.0,0.0,0.0,0.0,0.0,0.0,0.0,0.0,0.0,0.0,78697.62882531565,17290.559862815477,4712.224642201956
2029-05-01,5.0,9.0,9999.0,7.33,9.9,12.1,2.3,4.37,6.9,1.0,0.0,0.0,0.0,0.0,7.33,9.9,12.1,2.3,4.37,6.9,0.0,0.0,0.0,0.0,0.0,0.0,0.0,0.0,0.0,0.0,0.0,0.0,81145.95615859455,18672.725495312214,5092.904118127049
2029-06-01,5.0,9.0,9999.0,7.33,9.9,12.1,2.3,4.37,6.9,1.0,0.0,0.0,0.0,0.0,7.33,9.9,12.1,2.3,4.37,6.9,0.0,0.0,0.0,0.0,0.0,0.0,0.0,0.0,0.0,0.0,0.0,0.0,86643.67383532348,22343.61659416389,6161.83352926112
2029-07-01,5.0,9.0,9999.0,7.33,9.9,12.1,2.3,4.37,6.9,1.0,0.0,0.0,0.0,0.0,7.33,9.9,12.1,2.3,4.37,6.9,0.0,0.0,0.0,0.0,0.0,0.0,0.0,0.0,0.0,0.0,0.0,0.0,89643.41823791925,24791.07542609753,6926.76100842815
2029-08-01,5.0,9.0,9999.0,7.33,9.9,12.1,2.3,4.37,6.9,1.0,0.0,0.0,0.0,0.0,7.33,9.9,12.1,2.3,4.37,6.9,0.0,0.0,0.0,0.0,0.0,0.0,0.0,0.0,0.0,0.0,0.0,0.0,90362.97935863465,25440.692624246567,7139.759600657126
2029-09-01,5.0,9.0,9999.0,7.33,9.9,12.1,2.3,4.37,6.9,1.0,0.0,0.0,0.0,0.0,7.33,9.9,12.1,2.3,4.37,6.9,0.0,0.0,0.0,0.0,0.0,0.0,0.0,0.0,0.0,0.0,0.0,0.0,91540.34489972822,26563.17385691882,7512.952581145312
2029-10-01,5.0,9.0,9999.0,7.33,9.9,12.1,2.3,4.37,6.9,1.0,0.0,0.0,0.0,0.0,7.33,9.9,12.1,2.3,4.37,6.9,0.0,0.0,0.0,0.0,0.0,0.0,0.0,0.0,0.0,0.0,0.0,0.0,81657.8758021095,18979.311752916412,5179.21032625907
2029-11-01,5.0,9.0,9999.0,7.33,9.9,12.1,2.3,4.37,6.9,1.0,0.0,0.0,0.0,0.0,7.33,9.9,12.1,2.3,4.37,6.9,0.0,0.0,0.0,0.0,0.0,0.0,0.0,0.0,0.0,0.0,0.0,0.0,77453.99093407976,16638.996869800587,4535.842527604421
2029-12-01,5.0,9.0,9999.0,7.33,9.9,12.1,2.3,4.37,6.9,1.0,0.0,0.0,0.0,0.0,7.33,9.9,12.1,2.3,4.37,6.9,0.0,0.0,0.0,0.0,0.0,0.0,0.0,0.0,0.0,0.0,0.0,0.0,71905.74967554075,14074.1824489366,3849.1675846084495
2030-01-01,5.0,9.0,9999.0,7.33,9.9,12.1,2.3,4.37,6.9,1.0,0.0,0.0,0.0,0.0,7.33,9.9,12.1,2.3,4.37,6.9,0.0,0.0,0.0,0.0,0.0,0.0,0.0,0.0,0.0,0.0,0.0,0.0,72496.77214071073,14323.005925594494,3914.129419120517
2030-02-01,5.0,9.0,9999.0,7.33,9.9,12.1,2.3,4.37,6.9,1.0,0.0,0.0,0.0,0.0,7.33,9.9,12.1,2.3,4.37,6.9,0.0,0.0,0.0,0.0,0.0,0.0,0.0,0.0,0.0,0.0,0.0,0.0,72992.26198195107,14534.773864344766,3970.090174462215
2030-03-01,5.0,9.0,9999.0,7.33,9.9,12.1,2.3,4.37,6.9,1.0,0.0,0.0,0.0,0.0,7.33,9.9,12.1,2.3,4.37,6.9,0.0,0.0,0.0,0.0,0.0,0.0,0.0,0.0,0.0,0.0,0.0,0.0,76341.05507523811,16080.09871490236,4384.9139913099525
2030-04-01,5.0,9.0,9999.0,7.33,9.9,12.1,2.3,4.37,6.9,1.0,0.0,0.0,0.0,0.0,7.33,9.9,12.1,2.3,4.37,6.9,0.0,0.0,0.0,0.0,0.0,0.0,0.0,0.0,0.0,0.0,0.0,0.0,78002.12168547872,16921.938066945437,4612.40197277
2030-05-01,5.0,9.0,9999.0,7.33,9.9,12.1,2.3,4.37,6.9,1.0,0.0,0.0,0.0,0.0,7.33,9.9,12.1,2.3,4.37,6.9,0.0,0.0,0.0,0.0,0.0,0.0,0.0,0.0,0.0,0.0,0.0,0.0,83035.25702813636,19839.188431551087,5423.128280846211
2030-06-01,5.0,9.0,9999.0,7.33,9.9,12.1,2.3,4.37,6.9,1.0,0.0,0.0,0.0,0.0,7.33,9.9,12.1,2.3,4.37,6.9,0.0,0.0,0.0,0.0,0.0,0.0,0.0,0.0,0.0,0.0,0.0,0.0,84840.78187498164,21043.94352598341,5773.677189414446
2030-07-01,5.0,9.0,9999.0,7.33,9.9,12.1,2.3,4.37,6.9,1.0,0.0,0.0,0.0,0.0,7.33,9.9,12.1,2.3,4.37,6.9,0.0,0.0,0.0,0.0,0.0,0.0,0.0,0.0,0.0,0.0,0.0,0.0,86075.1683170406,21921.565959229018,6035.317827321473
2030-08-01,5.0,9.0,9999.0,7.33,9.9,12.1,2.3,4.37,6.9,1.0,0.0,0.0,0.0,0.0,7.33,9.9,12.1,2.3,4.37,6.9,0.0,0.0,0.0,0.0,0.0,0.0,0.0,0.0,0.0,0.0,0.0,0.0,85841.27320594028,21751.49611215569,5984.238930544649
2030-09-01,5.0,9.0,9999.0,7.33,9.9,12.1,2.3,4.37,6.9,1.0,0.0,0.0,0.0,0.0,7.33,9.9,12.1,2.3,4.37,6.9,0.0,0.0,0.0,0.0,0.0,0.0,0.0,0.0,0.0,0.0,0.0,0.0,86293.2896591851,22082.13504719344,6083.462438491861
2030-10-01,5.0,9.0,9999.0,7.33,9.9,12.1,2.3,4.37,6.9,1.0,0.0,0.0,0.0,0.0,7.33,9.9,12.1,2.3,4.37,6.9,0.0,0.0,0.0,0.0,0.0,0.0,0.0,0.0,0.0,0.0,0.0,0.0,82798.45811022028,19687.688887430213,5379.8466904313145
2030-11-01,5.0,9.0,9999.0,7.33,9.9,12.1,2.3,4.37,6.9,1.0,0.0,0.0,0.0,0.0,7.33,9.9,12.1,2.3,4.37,6.9,0.0,0.0,0.0,0.0,0.0,0.0,0.0,0.0,0.0,0.0,0.0,0.0,74894.50822467853,15386.962063312512,4198.436550558564
2030-12-01,5.0,9.0,9999.0,7.33,9.9,12.1,2.3,4.37,6.9,1.0,0.0,0.0,0.0,0.0,7.33,9.9,12.1,2.3,4.37,6.9,0.0,0.0,0.0,0.0,0.0,0.0,0.0,0.0,0.0,0.0,0.0,0.0,72679.6883548396,14400.763204832849,3934.561898305363
2031-01-01,5.0,9.0,9999.0,7.33,9.9,12.1,2.3,4.37,6.9,1.0,0.0,0.0,0.0,0.0,7.33,9.9,12.1,2.3,4.37,6.9,0.0,0.0,0.0,0.0,0.0,0.0,0.0,0.0,0.0,0.0,0.0,0.0,75514.21235772943,15678.244163684014,4276.645582076071
2031-02-01,5.0,9.0,9999.0,7.33,9.9,12.1,2.3,4.37,6.9,1.0,0.0,0.0,0.0,0.0,7.33,9.9,12.1,2.3,4.37,6.9,0.0,0.0,0.0,0.0,0.0,0.0,0.0,0.0,0.0,0.0,0.0,0.0,74110.89650368903,15028.085579896957,4102.107159631287
2031-03-01,5.0,9.0,9999.0,7.33,9.9,12.1,2.3,4.37,6.9,1.0,0.0,0.0,0.0,0.0,7.33,9.9,12.1,2.3,4.37,6.9,0.0,0.0,0.0,0.0,0.0,0.0,0.0,0.0,0.0,0.0,0.0,0.0,75547.74335348414,15694.212946686584,4280.949917845014
2031-04-01,5.0,9.0,9999.0,7.33,9.9,12.1,2.3,4.37,6.9,1.0,0.0,0.0,0.0,0.0,7.33,9.9,12.1,2.3,4.37,6.9,0.0,0.0,0.0,0.0,0.0,0.0,0.0,0.0,0.0,0.0,0.0,0.0,75810.1445924515,15820.22949443817,4314.927272396638
2031-05-01,5.0,9.0,9999.0,7.33,9.9,12.1,2.3,4.37,6.9,1.0,0.0,0.0,0.0,0.0,7.33,9.9,12.1,2.3,4.37,6.9,0.0,0.0,0.0,0.0,0.0,0.0,0.0,0.0,0.0,0.0,0.0,0.0,79095.72136494363,17506.18500926218,4770.781505490868
2031-06-01,5.0,9.0,9999.0,7.33,9.9,12.1,2.3,4.37,6.9,1.0,0.0,0.0,0.0,0.0,7.33,9.9,12.1,2.3,4.37,6.9,0.0,0.0,0.0,0.0,0.0,0.0,0.0,0.0,0.0,0.0,0.0,0.0,82514.57247238391,19508.33550816178,5328.661100578305
2031-07-01,5.0,9.0,9999.0,7.33,9.9,12.1,2.3,4.37,6.9,1.0,0.0,0.0,0.0,0.0,7.33,9.9,12.1,2.3,4.37,6.9,0.0,0.0,0.0,0.0,0.0,0.0,0.0,0.0,0.0,0.0,0.0,0.0,86900.82908448287,22538.91760649106,6220.6707856338935
2031-08-01,5.0,9.0,9999.0,7.33,9.9,12.1,2.3,4.37,6.9,1.0,0.0,0.0,0.0,0.0,7.33,9.9,12.1,2.3,4.37,6.9,0.0,0.0,0.0,0.0,0.0,0.0,0.0,0.0,0.0,0.0,0.0,0.0,86111.85762343553,21948.4309289522,6043.382816624824
2031-09-01,5.0,9.0,9999.0,7.33,9.9,12.1,2.3,4.37,6.9,1.0,0.0,0.0,0.0,0.0,7.33,9.9,12.1,2.3,4.37,6.9,0.0,0.0,0.0,0.0,0.0,0.0,0.0,0.0,0.0,0.0,0.0,0.0,87332.211974022,22872.47391457959,6322.253008844863
2031-10-01,5.0,9.0,9999.0,7.33,9.9,12.1,2.3,4.37,6.9,1.0,0.0,0.0,0.0,0.0,7.33,9.9,12.1,2.3,4.37,6.9,0.0,0.0,0.0,0.0,0.0,0.0,0.0,0.0,0.0,0.0,0.0,0.0,84523.90054346234,20825.484534692885,5709.338363871437
2031-11-01,5.0,9.0,9999.0,7.33,9.9,12.1,2.3,4.37,6.9,1.0,0.0,0.0,0.0,0.0,7.33,9.9,12.1,2.3,4.37,6.9,0.0,0.0,0.0,0.0,0.0,0.0,0.0,0.0,0.0,0.0,0.0,0.0,76911.47981281485,16364.406294542336,4461.571261027964
2031-12-01,5.0,9.0,9999.0,7.33,9.9,12.1,2.3,4.37,6.9,1.0,0.0,0.0,0.0,0.0,7.33,9.9,12.1,2.3,4.37,6.9,0.0,0.0,0.0,0.0,0.0,0.0,0.0,0.0,0.0,0.0,0.0,0.0,72508.1667112707,14327.840271827554,3915.3955500566867
2032-01-01,5.0,9.0,9999.0,7.33,9.9,12.1,2.3,4.37,6.9,1.0,0.0,0.0,0.0,0.0,7.33,9.9,12.1,2.3,4.37,6.9,0.0,0.0,0.0,0.0,0.0,0.0,0.0,0.0,0.0,0.0,0.0,0.0,66791.40300039083,12114.033294795436,3347.155993872773
2032-02-01,5.0,9.0,9999.0,7.33,9.9,12.1,2.3,4.37,6.9,1.0,0.0,0.0,0.0,0.0,7.33,9.9,12.1,2.3,4.37,6.9,0.0,0.0,0.0,0.0,0.0,0.0,0.0,0.0,0.0,0.0,0.0,0.0,70687.83857262369,13577.898612276542,3719.7576169875724
2032-03-01,5.0,9.0,9999.0,7.33,9.9,12.1,2.3,4.37,6.9,1.0,0.0,0.0,0.0,0.0,7.33,9.9,12.1,2.3,4.37,6.9,0.0,0.0,0.0,0.0,0.0,0.0,0.0,0.0,0.0,0.0,0.0,0.0,75102.96835258963,15484.00979101598,4224.448033747164
2032-04-01,5.0,9.0,9999.0,7.33,9.9,12.1,2.3,4.37,6.9,1.0,0.0,0.0,0.0,0.0,7.33,9.9,12.1,2.3,4.37,6.9,0.0,0.0,0.0,0.0,0.0,0.0,0.0,0.0,0.0,0.0,0.0,0.0,80856.28919739932,18502.28680349468,5045.091961716073
2032-05-01,5.0,9.0,9999.0,7.33,9.9,12.1,2.3,4.37,6.9,1.0,0.0,0.0,0.0,0.0,7.33,9.9,12.1,2.3,4.37,6.9,0.0,0.0,0.0,0.0,0.0,0.0,0.0,0.0,0.0,0.0,0.0,0.0,82047.38898417652,19217.336958344637,5246.289528572228
2032-06-01,5.0,9.0,9999.0,7.33,9.9,12.1,2.3,4.37,6.9,1.0,0.0,0.0,0.0,0.0,7.33,9.9,12.1,2.3,4.37,6.9,0.0,0.0,0.0,0.0,0.0,0.0,0.0,0.0,0.0,0.0,0.0,0.0,85607.10526267224,21583.119791121546,5933.743120014727
2032-07-01,5.0,9.0,9999.0,7.33,9.9,12.1,2.3,4.37,6.9,1.0,0.0,0.0,0.0,0.0,7.33,9.9,12.1,2.3,4.37,6.9,0.0,0.0,0.0,0.0,0.0,0.0,0.0,0.0,0.0,0.0,0.0,0.0,85727.95651694195,21669.755621479853,5959.707544554042
2032-08-01,5.0,9.0,9999.0,7.33,9.9,12.1,2.3,4.37,6.9,1.0,0.0,0.0,0.0,0.0,7.33,9.9,12.1,2.3,4.37,6.9,0.0,0.0,0.0,0.0,0.0,0.0,0.0,0.0,0.0,0.0,0.0,0.0,86307.86274398759,22092.933666623234,6086.696473881146
2032-09-01,5.0,9.0,9999.0,7.33,9.9,12.1,2.3,4.37,6.9,1.0,0.0,0.0,0.0,0.0,7.33,9.9,12.1,2.3,4.37,6.9,0.0,0.0,0.0,0.0,0.0,0.0,0.0,0.0,0.0,0.0,0.0,0.0,87724.72376803725,23182.822751437394,6417.677802780071
2032-10-01,5.0,9.0,9999.0,7.33,9.9,12.1,2.3,4.37,6.9,1.0,0.0,0.0,0.0,0.0,7.33,9.9,12.1,2.3,4.37,6.9,0.0,0.0,0.0,0.0,0.0,0.0,0.0,0.0,0.0,0.0,0.0,0.0,83407.01015544833,20079.94995907512,5492.389086932779
2032-11-01,5.0,9.0,9999.0,7.33,9.9,12.1,2.3,4.37,6.9,1.0,0.0,0.0,0.0,0.0,7.33,9.9,12.1,2.3,4.37,6.9,0.0,0.0,0.0,0.0,0.0,0.0,0.0,0.0,0.0,0.0,0.0,0.0,79562.00101802482,17762.977026649936,4840.605937735589
2032-12-01,5.0,9.0,9999.0,7.33,9.9,12.1,2.3,4.37,6.9,1.0,0.0,0.0,0.0,0.0,7.33,9.9,12.1,2.3,4.37,6.9,0.0,0.0,0.0,0.0,0.0,0.0,0.0,0.0,0.0,0.0,0.0,0.0,72508.1667112707,14327.840271827554,3915.3955500566867
2033-01-01,5.0,9.0,9999.0,7.33,9.9,12.1,2.3,4.37,6.9,1.0,0.0,0.0,0.0,0.0,7.33,9.9,12.1,2.3,4.37,6.9,0.0,0.0,0.0,0.0,0.0,0.0,0.0,0.0,0.0,0.0,0.0,0.0,72851.89204415049,14474.444027364976,3954.032335400578
2033-02-01,5.0,9.0,9999.0,7.33,9.9,12.1,2.3,4.37,6.9,1.0,0.0,0.0,0.0,0.0,7.33,9.9,12.1,2.3,4.37,6.9,0.0,0.0,0.0,0.0,0.0,0.0,0.0,0.0,0.0,0.0,0.0,0.0,75438.65316036399,15642.358804665811,4266.979812766846
2033-03-01,5.0,9.0,9999.0,7.33,9.9,12.1,2.3,4.37,6.9,1.0,0.0,0.0,0.0,0.0,7.33,9.9,12.1,2.3,4.37,6.9,0.0,0.0,0.0,0.0,0.0,0.0,0.0,0.0,0.0,0.0,0.0,0.0,77462.89070331513,16643.53620772433,4537.074418256483
2033-04-01,5.0,9.0,9999.0,7.33,9.9,12.1,2.3,4.37,6.9,1.0,0.0,0.0,0.0,0.0,7.33,9.9,12.1,2.3,4.37,6.9,0.0,0.0,0.0,0.0,0.0,0.0,0.0,0.0,0.0,0.0,0.0,0.0,80255.27209932404,18153.99801249241,4947.982830154212
2033-05-01,5.0,9.0,9999.0,7.33,9.9,12.1,2.3,4.37,6.9,1.0,0.0,0.0,0.0,0.0,7.33,9.9,12.1,2.3,4.37,6.9,0.0,0.0,0.0,0.0,0.0,0.0,0.0,0.0,0.0,0.0,0.0,0.0,85043.44043684567,21184.983594025212,5815.340759499578
2033-06-01,5.0,9.0,9999.0,7.33,9.9,12.1,2.3,4.37,6.9,1.0,0.0,0.0,0.0,0.0,7.33,9.9,12.1,2.3,4.37,6.9,0.0,0.0,0.0,0.0,0.0,0.0,0.0,0.0,0.0,0.0,0.0,0.0,86472.37607933191,22215.234582343957,6123.310714535894
2033-07-01,5.0,9.0,9999.0,7.33,9.9,12.1,2.3,4.37,6.9,1.0,0.0,0.0,0.0,0.0,7.33,9.9,12.1,2.3,4.37,6.9,0.0,0.0,0.0,0.0,0.0,0.0,0.0,0.0,0.0,0.0,0.0,0.0,87760.48125394454,23211.36541321283,6426.4770003444055
2033-08-01,5.0,9.0,9999.0,7.33,9.9,12.1,2.3,4.37,6.9,1.0,0.0,0.0,0.0,0.0,7.33,9.9,12.1,2.3,4.37,6.9,0.0,0.0,0.0,0.0,0.0,0.0,0.0,0.0,0.0,0.0,0.0,0.0,89537.12725517405,24697.5764976257,6896.424554991246
2033-09-01,5.0,9.0,9999.0,7.33,9.9,12.1,2.3,4.37,6.9,1.0,0.0,0.0,0.0,0.0,7.33,9.9,12.1,2.3,4.37,6.9,0.0,0.0,0.0,0.0,0.0,0.0,0.0,0.0,0.0,0.0,0.0,0.0,88849.99571045653,24106.789467576244,6706.132558664014
2033-10-01,5.0,9.0,9999.0,7.33,9.9,12.1,2.3,4.37,6.9,1.0,0.0,0.0,0.0,0.0,7.33,9.9,12.1,2.3,4.37,6.9,0.0,0.0,0.0,0.0,0.0,0.0,0.0,0.0,0.0,0.0,0.0,0.0,86727.41692293715,22407.001112787333,6180.868292477733
2033-11-01,5.0,9.0,9999.0,7.33,9.9,12.1,2.3,4.37,6.9,1.0,0.0,0.0,0.0,0.0,7.33,9.9,12.1,2.3,4.37,6.9,0.0,0.0,0.0,0.0,0.0,0.0,0.0,0.0,0.0,0.0,0.0,0.0,77725.26275326671,16778.32279014556,4573.497648238732
2033-12-01,5.0,9.0,9999.0,7.33,9.9,12.1,2.3,4.37,6.9,1.0,0.0,0.0,0.0,0.0,7.33,9.9,12.1,2.3,4.37,6.9,0.0,0.0,0.0,0.0,0.0,0.0,0.0,0.0,0.0,0.0,0.0,0.0,72830.14168585301,14465.117449250683,3951.5625016754716
2034-01-01,5.0,9.0,9999.0,7.33,9.9,12.1,2.3,4.37,6.9,1.0,0.0,0.0,0.0,0.0,7.33,9.9,12.1,2.3,4.37,6.9,0.0,0.0,0.0,0.0,0.0,0.0,0.0,0.0,0.0,0.0,0.0,0.0,74567.79030023949,15236.165119524087,4158.014527961037
2034-02-01,5.0,9.0,9999.0,7.33,9.9,12.1,2.3,4.37,6.9,1.0,0.0,0.0,0.0,0.0,7.33,9.9,12.1,2.3,4.37,6.9,0.0,0.0,0.0,0.0,0.0,0.0,0.0,0.0,0.0,0.0,0.0,0.0,78722.05871609629,17303.705914023732,4715.791247500016
2034-03-01,5.0,9.0,9999.0,7.33,9.9,12.1,2.3,4.37,6.9,1.0,0.0,0.0,0.0,0.0,7.33,9.9,12.1,2.3,4.37,6.9,0.0,0.0,0.0,0.0,0.0,0.0,0.0,0.0,0.0,0.0,0.0,0.0,80633.9207728483,18372.443187955138,5008.793371548805
2034-04-01,5.0,9.0,9999.0,7.33,9.9,12.1,2.3,4.37,6.9,1.0,0.0,0.0,0.0,0.0,7.33,9.9,12.1,2.3,4.37,6.9,0.0,0.0,0.0,0.0,0.0,0.0,0.0,0.0,0.0,0.0,0.0,0.0,81458.79058547667,18859.120497709584,5145.404924512575
2034-05-01,5.0,9.0,9999.0,7.33,9.9,12.1,2.3,4.37,6.9,1.0,0.0,0.0,0.0,0.0,7.33,9.9,12.1,2.3,4.37,6.9,0.0,0.0,0.0,0.0,0.0,0.0,0.0,0.0,0.0,0.0,0.0,0.0,83883.69862718825,20393.952275104948,5583.3276737213655
2034-06-01,5.0,9.0,9999.0,7.33,9.9,12.1,2.3,4.37,6.9,1.0,0.0,0.0,0.0,0.0,7.33,9.9,12.1,2.3,4.37,6.9,0.0,0.0,0.0,0.0,0.0,0.0,0.0,0.0,0.0,0.0,0.0,0.0,86945.22221440656,22572.84948009243,6230.929955500145
2034-07-01,5.0,9.0,9999.0,7.33,9.9,12.1,2.3,4.37,6.9,1.0,0.0,0.0,0.0,0.0,7.33,9.9,12.1,2.3,4.37,6.9,0.0,0.0,0.0,0.0,0.0,0.0,0.0,0.0,0.0,0.0,0.0,0.0,90998.36243783798,26036.720255292676,7336.885381039354
2034-08-01,5.0,9.0,9999.0,7.33,9.9,12.1,2.3,4.37,6.9,1.0,0.0,0.0,0.0,0.0,7.33,9.9,12.1,2.3,4.37,6.9,0.0,0.0,0.0,0.0,0.0,0.0,0.0,0.0,0.0,0.0,0.0,0.0,89485.97122809837,24652.781620246384,6881.922063823939
2034-09-01,5.0,9.0,9999.0,7.33,9.9,12.1,2.3,4.37,6.9,1.0,0.0,0.0,0.0,0.0,7.33,9.9,12.1,2.3,4.37,6.9,0.0,0.0,0.0,0.0,0.0,0.0,0.0,0.0,0.0,0.0,0.0,0.0,87925.39089400618,23343.681850290646,6467.268247415333
2034-10-01,5.0,9.0,9999.0,7.33,9.9,12.1,2.3,4.37,6.9,1.0,0.0,0.0,0.0,0.0,7.33,9.9,12.1,2.3,4.37,6.9,0.0,0.0,0.0,0.0,0.0,0.0,0.0,0.0,0.0,0.0,0.0,0.0,86043.71048454432,21898.565528866526,6028.416332005522
2034-11-01,5.0,9.0,9999.0,7.33,9.9,12.1,2.3,4.37,6.9,1.0,0.0,0.0,0.0,0.0,7.33,9.9,12.1,2.3,4.37,6.9,0.0,0.0,0.0,0.0,0.0,0.0,0.0,0.0,0.0,0.0,0.0,0.0,76917.46327115127,16367.409529110066,4462.38393634537
2034-12-01,5.0,9.0,9999.0,7.33,9.9,12.1,2.3,4.37,6.9,1.0,0.0,0.0,0.0,0.0,7.33,9.9,12.1,2.3,4.37,6.9,0.0,0.0,0.0,0.0,0.0,0.0,0.0,0.0,0.0,0.0,0.0,0.0,77109.85505923456,16464.2816007627,4488.554215969503
2035-01-01,5.0,9.0,9999.0,7.33,9.9,12.1,2.3,4.37,6.9,1.0,0.0,0.0,0.0,0.0,7.33,9.9,12.1,2.3,4.37,6.9,0.0,0.0,0.0,0.0,0.0,0.0,0.0,0.0,0.0,0.0,0.0,0.0,75653.19707969403,15744.679109707839,4294.559447117711
2035-02-01,5.0,9.0,9999.0,7.33,9.9,12.1,2.3,4.37,6.9,1.0,0.0,0.0,0.0,0.0,7.33,9.9,12.1,2.3,4.37,6.9,0.0,0.0,0.0,0.0,0.0,0.0,0.0,0.0,0.0,0.0,0.0,0.0,77472.63640236607,16648.509736821205,4538.4234349229855
2035-03-01,5.0,9.0,9999.0,7.33,9.9,12.1,2.3,4.37,6.9,1.0,0.0,0.0,0.0,0.0,7.33,9.9,12.1,2.3,4.37,6.9,0.0,0.0,0.0,0.0,0.0,0.0,0.0,0.0,0.0,0.0,0.0,0.0,76806.00751767584,16311.538778630074,4447.270348410776
2035-04-01,5.0,9.0,9999.0,7.33,9.9,12.1,2.3,4.37,6.9,1.0,0.0,0.0,0.0,0.0,7.33,9.9,12.1,2.3,4.37,6.9,0.0,0.0,0.0,0.0,0.0,0.0,0.0,0.0,0.0,0.0,0.0,0.0,80468.67538213919,18276.572504396423,4982.020939577675
2035-05-01,5.0,9.0,9999.0,7.33,9.9,12.1,2.3,4.37,6.9,1.0,0.0,0.0,0.0,0.0,7.33,9.9,12.1,2.3,4.37,6.9,0.0,0.0,0.0,0.0,0.0,0.0,0.0,0.0,0.0,0.0,0.0,0.0,83382.21510019993,20063.774385456556,5487.725283447539
2035-06-01,5.0,9.0,9999.0,7.33,9.9,12.1,2.3,4.37,6.9,1.0,0.0,0.0,0.0,0.0,7.33,9.9,12.1,2.3,4.37,6.9,0.0,0.0,0.0,0.0,0.0,0.0,0.0,0.0,0.0,0.0,0.0,0.0,87767.6019727422,23217.05195043864,6428.230477707072
2035-07-01,5.0,9.0,9999.0,7.33,9.9,12.1,2.3,4.37,6.9,1.0,0.0,0.0,0.0,0.0,7.33,9.9,12.1,2.3,4.37,6.9,0.0,0.0,0.0,0.0,0.0,0.0,0.0,0.0,0.0,0.0,0.0,0.0,90348.73868156821,25427.567714830828,7135.429589983242
2035-08-01,5.0,9.0,9999.0,7.33,9.9,12.1,2.3,4.37,6.9,1.0,0.0,0.0,0.0,0.0,7.33,9.9,12.1,2.3,4.37,6.9,0.0,0.0,0.0,0.0,0.0,0.0,0.0,0.0,0.0,0.0,0.0,0.0,90362.97935863465,25440.692624246567,7139.759600657126
2035-09-01,5.0,9.0,9999.0,7.33,9.9,12.1,2.3,4.37,6.9,1.0,0.0,0.0,0.0,0.0,7.33,9.9,12.1,2.3,4.37,6.9,0.0,0.0,0.0,0.0,0.0,0.0,0.0,0.0,0.0,0.0,0.0,0.0,88111.95048023041,23495.06346891667,6514.072949367289
2035-10-01,5.0,9.0,9999.0,7.33,9.9,12.1,2.3,4.37,6.9,1.0,0.0,0.0,0.0,0.0,7.33,9.9,12.1,2.3,4.37,6.9,0.0,0.0,0.0,0.0,0.0,0.0,0.0,0.0,0.0,0.0,0.0,0.0,85044.50628808889,21185.72796391413,5815.560760070079
2035-11-01,5.0,9.0,9999.0,7.33,9.9,12.1,2.3,4.37,6.9,1.0,0.0,0.0,0.0,0.0,7.33,9.9,12.1,2.3,4.37,6.9,0.0,0.0,0.0,0.0,0.0,0.0,0.0,0.0,0.0,0.0,0.0,0.0,79496.86994836859,17726.774496056794,4830.772987928073
2035-12-01,5.0,9.0,9999.0,7.33,9.9,12.1,2.3,4.37,6.9,1.0,0.0,0.0,0.0,0.0,7.33,9.9,12.1,2.3,4.37,6.9,0.0,0.0,0.0,0.0,0.0,0.0,0.0,0.0,0.0,0.0,0.0,0.0,74581.90969748664,15242.634903854436,4159.753034444442
2036-01-01,5.0,9.0,9999.0,7.33,9.9,12.1,2.3,4.37,6.9,1.0,0.0,0.0,0.0,0.0,7.33,9.9,12.1,2.3,4.37,6.9,0.0,0.0,0.0,0.0,0.0,0.0,0.0,0.0,0.0,0.0,0.0,0.0,75677.45947915743,15756.322754671028,4297.6991714949045
2036-02-01,5.0,9.0,9999.0,7.33,9.9,12.1,2.3,4.37,6.9,1.0,0.0,0.0,0.0,0.0,7.33,9.9,12.1,2.3,4.37,6.9,0.0,0.0,0.0,0.0,0.0,0.0,0.0,0.0,0.0,0.0,0.0,0.0,73490.93235468889,14751.62840847702,4028.1770341535444
2036-03-01,5.0,9.0,9999.0,7.33,9.9,12.1,2.3,4.37,6.9,1.0,0.0,0.0,0.0,0.0,7.33,9.9,12.1,2.3,4.37,6.9,0.0,0.0,0.0,0.0,0.0,0.0,0.0,0.0,0.0,0.0,0.0,0.0,76175.1418132237,15998.22663224331,4362.888379907247
2036-04-01,5.0,9.0,9999.0,7.33,9.9,12.1,2.3,4.37,6.9,1.0,0.0,0.0,0.0,0.0,7.33,9.9,12.1,2.3,4.37,6.9,0.0,0.0,0.0,0.0,0.0,0.0,0.0,0.0,0.0,0.0,0.0,0.0,81292.74613880238,18759.876613508914,5117.437112368469
2036-05-01,5.0,9.0,9999.0,7.33,9.9,12.1,2.3,4.37,6.9,1.0,0.0,0.0,0.0,0.0,7.33,9.9,12.1,2.3,4.37,6.9,0.0,0.0,0.0,0.0,0.0,0.0,0.0,0.0,0.0,0.0,0.0,0.0,83612.6973212513,20214.803780726885,5531.346644462569
2036-06-01,5.0,9.0,9999.0,7.33,9.9,12.1,2.3,4.37,6.9,1.0,0.0,0.0,0.0,0.0,7.33,9.9,12.1,2.3,4.37,6.9,0.0,0.0,0.0,0.0,0.0,0.0,0.0,0.0,0.0,0.0,0.0,0.0,85009.96717497607,21161.61598837265,5808.433247853413
2036-07-01,5.0,9.0,9999.0,7.33,9.9,12.1,2.3,4.37,6.9,1.0,0.0,0.0,0.0,0.0,7.33,9.9,12.1,2.3,4.37,6.9,0.0,0.0,0.0,0.0,0.0,0.0,0.0,0.0,0.0,0.0,0.0,0.0,90620.35977905134,25679.59209617495,7218.628711850753
2036-08-01,5.0,9.0,9999.0,7.33,9.9,12.1,2.3,4.37,6.9,1.0,0.0,0.0,0.0,0.0,7.33,9.9,12.1,2.3,4.37,6.9,0.0,0.0,0.0,0.0,0.0,0.0,0.0,0.0,0.0,0.0,0.0,0.0,90308.29829514831,25390.325361059055,7123.142825454215
2036-09-01,5.0,9.0,9999.0,7.33,9.9,12.1,2.3,4.37,6.9,1.0,0.0,0.0,0.0,0.0,7.33,9.9,12.1,2.3,4.37,6.9,0.0,0.0,0.0,0.0,0.0,0.0,0.0,0.0,0.0,0.0,0.0,0.0,90536.23796989578,25601.045475218696,7192.682672261781
2036-10-01,5.0,9.0,9999.0,7.33,9.9,12.1,2.3,4.37,6.9,1.0,0.0,0.0,0.0,0.0,7.33,9.9,12.1,2.3,4.37,6.9,0.0,0.0,0.0,0.0,0.0,0.0,0.0,0.0,0.0,0.0,0.0,0.0,82798.45811022028,19687.688887430213,5379.8466904313145
2036-11-01,5.0,9.0,9999.0,7.33,9.9,12.1,2.3,4.37,6.9,1.0,0.0,0.0,0.0,0.0,7.33,9.9,12.1,2.3,4.37,6.9,0.0,0.0,0.0,0.0,0.0,0.0,0.0,0.0,0.0,0.0,0.0,0.0,74894.50822467853,15386.962063312512,4198.436550558564
2036-12-01,5.0,9.0,9999.0,7.33,9.9,12.1,2.3,4.37,6.9,1.0,0.0,0.0,0.0,0.0,7.33,9.9,12.1,2.3,4.37,6.9,0.0,0.0,0.0,0.0,0.0,0.0,0.0,0.0,0.0,0.0,0.0,0.0,72679.6883548396,14400.763204832849,3934.561898305363
2037-01-01,5.0,9.0,9999.0,7.33,9.9,12.1,2.3,4.37,6.9,1.0,0.0,0.0,0.0,0.0,7.33,9.9,12.1,2.3,4.37,6.9,0.0,0.0,0.0,0.0,0.0,0.0,0.0,0.0,0.0,0.0,0.0,0.0,75514.21235772943,15678.244163684014,4276.645582076071
2037-02-01,5.0,9.0,9999.0,7.33,9.9,12.1,2.3,4.37,6.9,1.0,0.0,0.0,0.0,0.0,7.33,9.9,12.1,2.3,4.37,6.9,0.0,0.0,0.0,0.0,0.0,0.0,0.0,0.0,0.0,0.0,0.0,0.0,74110.89650368903,15028.085579896957,4102.107159631287
2037-03-01,5.0,9.0,9999.0,7.33,9.9,12.1,2.3,4.37,6.9,1.0,0.0,0.0,0.0,0.0,7.33,9.9,12.1,2.3,4.37,6.9,0.0,0.0,0.0,0.0,0.0,0.0,0.0,0.0,0.0,0.0,0.0,0.0,75547.74335348414,15694.212946686584,4280.949917845014
2037-04-01,5.0,9.0,9999.0,7.33,9.9,12.1,2.3,4.37,6.9,1.0,0.0,0.0,0.0,0.0,7.33,9.9,12.1,2.3,4.37,6.9,0.0,0.0,0.0,0.0,0.0,0.0,0.0,0.0,0.0,0.0,0.0,0.0,75810.1445924515,15820.22949443817,4314.927272396638
2037-05-01,5.0,9.0,9999.0,7.33,9.9,12.1,2.3,4.37,6.9,1.0,0.0,0.0,0.0,0.0,7.33,9.9,12.1,2.3,4.37,6.9,0.0,0.0,0.0,0.0,0.0,0.0,0.0,0.0,0.0,0.0,0.0,0.0,79095.72136494363,17506.18500926218,4770.781505490868
2037-06-01,5.0,9.0,9999.0,7.33,9.9,12.1,2.3,4.37,6.9,1.0,0.0,0.0,0.0,0.0,7.33,9.9,12.1,2.3,4.37,6.9,0.0,0.0,0.0,0.0,0.0,0.0,0.0,0.0,0.0,0.0,0.0,0.0,82514.57247238391,19508.33550816178,5328.661100578305
2037-07-01,5.0,9.0,9999.0,7.33,9.9,12.1,2.3,4.37,6.9,1.0,0.0,0.0,0.0,0.0,7.33,9.9,12.1,2.3,4.37,6.9,0.0,0.0,0.0,0.0,0.0,0.0,0.0,0.0,0.0,0.0,0.0,0.0,86900.82908448287,22538.91760649106,6220.6707856338935
2037-08-01,5.0,9.0,9999.0,7.33,9.9,12.1,2.3,4.37,6.9,1.0,0.0,0.0,0.0,0.0,7.33,9.9,12.1,2.3,4.37,6.9,0.0,0.0,0.0,0.0,0.0,0.0,0.0,0.0,0.0,0.0,0.0,0.0,86111.85762343553,21948.4309289522,6043.382816624824
2037-09-01,5.0,9.0,9999.0,7.33,9.9,12.1,2.3,4.37,6.9,1.0,0.0,0.0,0.0,0.0,7.33,9.9,12.1,2.3,4.37,6.9,0.0,0.0,0.0,0.0,0.0,0.0,0.0,0.0,0.0,0.0,0.0,0.0,87332.211974022,22872.47391457959,6322.253008844863
2037-10-01,5.0,9.0,9999.0,7.33,9.9,12.1,2.3,4.37,6.9,1.0,0.0,0.0,0.0,0.0,7.33,9.9,12.1,2.3,4.37,6.9,0.0,0.0,0.0,0.0,0.0,0.0,0.0,0.0,0.0,0.0,0.0,0.0,84523.90054346234,20825.484534692885,5709.338363871437
2037-11-01,5.0,9.0,9999.0,7.33,9.9,12.1,2.3,4.37,6.9,1.0,0.0,0.0,0.0,0.0,7.33,9.9,12.1,2.3,4.37,6.9,0.0,0.0,0.0,0.0,0.0,0.0,0.0,0.0,0.0,0.0,0.0,0.0,80144.32763758204,18090.74134645979,4930.474634061562
2037-12-01,5.0,9.0,9999.0,7.33,9.9,12.1,2.3,4.37,6.9,1.0,0.0,0.0,0.0,0.0,7.33,9.9,12.1,2.3,4.37,6.9,0.0,0.0,0.0,0.0,0.0,0.0,0.0,0.0,0.0,0.0,0.0,0.0,72534.21140118102,14338.894645538565,3918.2913725838253
2038-01-01,5.0,9.0,9999.0,7.33,9.9,12.1,2.3,4.37,6.9,1.0,0.0,0.0,0.0,0.0,7.33,9.9,12.1,2.3,4.37,6.9,0.0,0.0,0.0,0.0,0.0,0.0,0.0,0.0,0.0,0.0,0.0,0.0,73541.22901243313,14773.737653758893,4034.1100405417897
2038-02-01,5.0,9.0,9999.0,7.33,9.9,12.1,2.3,4.37,6.9,1.0,0.0,0.0,0.0,0.0,7.33,9.9,12.1,2.3,4.37,6.9,0.0,0.0,0.0,0.0,0.0,0.0,0.0,0.0,0.0,0.0,0.0,0.0,73338.10544141306,14684.735866601455,4010.2365661956223
2038-03-01,5.0,9.0,9999.0,7.33,9.9,12.1,2.3,4.37,6.9,1.0,0.0,0.0,0.0,0.0,7.33,9.9,12.1,2.3,4.37,6.9,0.0,0.0,0.0,0.0,0.0,0.0,0.0,0.0,0.0,0.0,0.0,0.0,76698.6199208575,16257.792396607008,4432.751614916197
2038-04-01,5.0,9.0,9999.0,7.33,9.9,12.1,2.3,4.37,6.9,1.0,0.0,0.0,0.0,0.0,7.33,9.9,12.1,2.3,4.37,6.9,0.0,0.0,0.0,0.0,0.0,0.0,0.0,0.0,0.0,0.0,0.0,0.0,77628.13720758959,16728.269901138516,4559.978465728189
2038-05-01,5.0,9.0,9999.0,7.33,9.9,12.1,2.3,4.37,6.9,1.0,0.0,0.0,0.0,0.0,7.33,9.9,12.1,2.3,4.37,6.9,0.0,0.0,0.0,0.0,0.0,0.0,0.0,0.0,0.0,0.0,0.0,0.0,83550.84748372168,20174.109281650894,5519.57813921046
2038-06-01,5.0,9.0,9999.0,7.33,9.9,12.1,2.3,4.37,6.9,1.0,0.0,0.0,0.0,0.0,7.33,9.9,12.1,2.3,4.37,6.9,0.0,0.0,0.0,0.0,0.0,0.0,0.0,0.0,0.0,0.0,0.0,0.0,85827.10793486604,21741.25625675293,5981.160304839254
2038-07-01,5.0,9.0,9999.0,7.33,9.9,12.1,2.3,4.37,6.9,1.0,0.0,0.0,0.0,0.0,7.33,9.9,12.1,2.3,4.37,6.9,0.0,0.0,0.0,0.0,0.0,0.0,0.0,0.0,0.0,0.0,0.0,0.0,88581.51913307821,23881.847064356967,6635.069246367099
2038-08-01,5.0,9.0,9999.0,7.33,9.9,12.1,2.3,4.37,6.9,1.0,0.0,0.0,0.0,0.0,7.33,9.9,12.1,2.3,4.37,6.9,0.0,0.0,0.0,0.0,0.0,0.0,0.0,0.0,0.0,0.0,0.0,0.0,88646.53113090902,23936.08317486422,6652.144121411609
2038-09-01,5.0,9.0,9999.0,7.33,9.9,12.1,2.3,4.37,6.9,1.0,0.0,0.0,0.0,0.0,7.33,9.9,12.1,2.3,4.37,6.9,0.0,0.0,0.0,0.0,0.0,0.0,0.0,0.0,0.0,0.0,0.0,0.0,89250.37406611767,24448.17987622609,6815.657683693686
2038-10-01,5.0,9.0,9999.0,7.33,9.9,12.1,2.3,4.37,6.9,1.0,0.0,0.0,0.0,0.0,7.33,9.9,12.1,2.3,4.37,6.9,0.0,0.0,0.0,0.0,0.0,0.0,0.0,0.0,0.0,0.0,0.0,0.0,83668.64846137635,20251.638307419224,5542.008656953352
2038-11-01,5.0,9.0,9999.0,7.33,9.9,12.1,2.3,4.37,6.9,1.0,0.0,0.0,0.0,0.0,7.33,9.9,12.1,2.3,4.37,6.9,0.0,0.0,0.0,0.0,0.0,0.0,0.0,0.0,0.0,0.0,0.0,0.0,78521.64939372224,17196.208422057312,4686.673090490641
2038-12-01,5.0,9.0,9999.0,7.33,9.9,12.1,2.3,4.37,6.9,1.0,0.0,0.0,0.0,0.0,7.33,9.9,12.1,2.3,4.37,6.9,0.0,0.0,0.0,0.0,0.0,0.0,0.0,0.0,0.0,0.0,0.0,0.0,75041.37349496048,15455.27170037039,4216.744529524119
2039-01-01,5.0,9.0,9999.0,7.33,9.9,12.1,2.3,4.37,6.9,1.0,0.0,0.0,0.0,0.0,7.33,9.9,12.1,2.3,4.37,6.9,0.0,0.0,0.0,0.0,0.0,0.0,0.0,0.0,0.0,0.0,0.0,0.0,73211.83570575177,14629.81214259964,3995.5178130253257
2039-02-01,5.0,9.0,9999.0,7.33,9.9,12.1,2.3,4.37,6.9,1.0,0.0,0.0,0.0,0.0,7.33,9.9,12.1,2.3,4.37,6.9,0.0,0.0,0.0,0.0,0.0,0.0,0.0,0.0,0.0,0.0,0.0,0.0,75593.70994195143,15716.17533882978,4286.87381976772
2039-03-01,5.0,9.0,9999.0,7.33,9.9,12.1,2.3,4.37,6.9,1.0,0.0,0.0,0.0,0.0,7.33,9.9,12.1,2.3,4.37,6.9,0.0,0.0,0.0,0.0,0.0,0.0,0.0,0.0,0.0,0.0,0.0,0.0,76882.60732015844,16349.925655954596,4457.653482750127
2039-04-01,5.0,9.0,9999.0,7.33,9.9,12.1,2.3,4.37,6.9,1.0,0.0,0.0,0.0,0.0,7.33,9.9,12.1,2.3,4.37,6.9,0.0,0.0,0.0,0.0,0.0,0.0,0.0,0.0,0.0,0.0,0.0,0.0,81292.74613880238,18759.876613508914,5117.437112368469
2039-05-01,5.0,9.0,9999.0,7.33,9.9,12.1,2.3,4.37,6.9,1.0,0.0,0.0,0.0,0.0,7.33,9.9,12.1,2.3,4.37,6.9,0.0,0.0,0.0,0.0,0.0,0.0,0.0,0.0,0.0,0.0,0.0,0.0,80449.31222001654,18265.40294521685,4978.903115375777
2039-06-01,5.0,9.0,9999.0,7.33,9.9,12.1,2.3,4.37,6.9,1.0,0.0,0.0,0.0,0.0,7.33,9.9,12.1,2.3,4.37,6.9,0.0,0.0,0.0,0.0,0.0,0.0,0.0,0.0,0.0,0.0,0.0,0.0,88023.55045390323,23423.166718375334,6491.801979284329
2039-07-01,5.0,9.0,9999.0,7.33,9.9,12.1,2.3,4.37,6.9,1.0,0.0,0.0,0.0,0.0,7.33,9.9,12.1,2.3,4.37,6.9,0.0,0.0,0.0,0.0,0.0,0.0,0.0,0.0,0.0,0.0,0.0,0.0,87760.48125394454,23211.36541321283,6426.4770003444055
2039-08-01,5.0,9.0,9999.0,7.33,9.9,12.1,2.3,4.37,6.9,1.0,0.0,0.0,0.0,0.0,7.33,9.9,12.1,2.3,4.37,6.9,0.0,0.0,0.0,0.0,0.0,0.0,0.0,0.0,0.0,0.0,0.0,0.0,89724.66750930568,24863.07594011269,6950.185622449743
2039-09-01,5.0,9.0,9999.0,7.33,9.9,12.1,2.3,4.37,6.9,1.0,0.0,0.0,0.0,0.0,7.33,9.9,12.1,2.3,4.37,6.9,0.0,0.0,0.0,0.0,0.0,0.0,0.0,0.0,0.0,0.0,0.0,0.0,87605.68209212719,23088.083942674613,6388.501820620887
2039-10-01,5.0,9.0,9999.0,7.33,9.9,12.1,2.3,4.37,6.9,1.0,0.0,0.0,0.0,0.0,7.33,9.9,12.1,2.3,4.37,6.9,0.0,0.0,0.0,0.0,0.0,0.0,0.0,0.0,0.0,0.0,0.0,0.0,83767.54018971014,20316.87025006897,5560.952411271254
2039-11-01,5.0,9.0,9999.0,7.33,9.9,12.1,2.3,4.37,6.9,1.0,0.0,0.0,0.0,0.0,7.33,9.9,12.1,2.3,4.37,6.9,0.0,0.0,0.0,0.0,0.0,0.0,0.0,0.0,0.0,0.0,0.0,0.0,75967.5433002459,15896.596482384968,4335.516585147272
2039-12-01,5.0,9.0,9999.0,7.33,9.9,12.1,2.3,4.37,6.9,1.0,0.0,0.0,0.0,0.0,7.33,9.9,12.1,2.3,4.37,6.9,0.0,0.0,0.0,0.0,0.0,0.0,0.0,0.0,0.0,0.0,0.0,0.0,71891.95125783571,14068.423052309148,3847.6699894395542
2040-01-01,5.0,9.0,9999.0,7.33,9.9,12.1,2.3,4.37,6.9,1.0,0.0,0.0,0.0,0.0,7.33,9.9,12.1,2.3,4.37,6.9,0.0,0.0,0.0,0.0,0.0,0.0,0.0,0.0,0.0,0.0,0.0,0.0,73097.08582657878,14580.023733689302,3982.200288952099
2040-02-01,5.0,9.0,9999.0,7.33,9.9,12.1,2.3,4.37,6.9,1.0,0.0,0.0,0.0,0.0,7.33,9.9,12.1,2.3,4.37,6.9,0.0,0.0,0.0,0.0,0.0,0.0,0.0,0.0,0.0,0.0,0.0,0.0,73547.67318200471,14776.574144148706,4034.87088920599
2040-03-01,5.0,9.0,9999.0,7.33,9.9,12.1,2.3,4.37,6.9,1.0,0.0,0.0,0.0,0.0,7.33,9.9,12.1,2.3,4.37,6.9,0.0,0.0,0.0,0.0,0.0,0.0,0.0,0.0,0.0,0.0,0.0,0.0,73687.47325300681,14838.384484427186,4051.4264981175124
2040-04-01,5.0,9.0,9999.0,7.33,9.9,12.1,2.3,4.37,6.9,1.0,0.0,0.0,0.0,0.0,7.33,9.9,12.1,2.3,4.37,6.9,0.0,0.0,0.0,0.0,0.0,0.0,0.0,0.0,0.0,0.0,0.0,0.0,81181.47799017504,18693.730101877645,5098.82245858518
2040-05-01,5.0,9.0,9999.0,7.33,9.9,12.1,2.3,4.37,6.9,1.0,0.0,0.0,0.0,0.0,7.33,9.9,12.1,2.3,4.37,6.9,0.0,0.0,0.0,0.0,0.0,0.0,0.0,0.0,0.0,0.0,0.0,0.0,80833.07604646197,18488.69531337233,5041.28989760049
2040-06-01,5.0,9.0,9999.0,7.33,9.9,12.1,2.3,4.37,6.9,1.0,0.0,0.0,0.0,0.0,7.33,9.9,12.1,2.3,4.37,6.9,0.0,0.0,0.0,0.0,0.0,0.0,0.0,0.0,0.0,0.0,0.0,0.0,81667.50721070699,18985.152826003035,5180.8502114535495
2040-07-01,5.0,9.0,9999.0,7.33,9.9,12.1,2.3,4.37,6.9,1.0,0.0,0.0,0.0,0.0,7.33,9.9,12.1,2.3,4.37,6.9,0.0,0.0,0.0,0.0,0.0,0.0,0.0,0.0,0.0,0.0,0.0,0.0,85380.11417076095,21421.550237602958,5885.561245311955
2040-08-01,5.0,9.0,9999.0,7.33,9.9,12.1,2.3,4.37,6.9,1.0,0.0,0.0,0.0,0.0,7.33,9.9,12.1,2.3,4.37,6.9,0.0,0.0,0.0,0.0,0.0,0.0,0.0,0.0,0.0,0.0,0.0,0.0,88969.46590722038,24207.783053842264,6738.336103709021
2040-09-01,5.0,9.0,9999.0,7.33,9.9,12.1,2.3,4.37,6.9,1.0,0.0,0.0,0.0,0.0,7.33,9.9,12.1,2.3,4.37,6.9,0.0,0.0,0.0,0.0,0.0,0.0,0.0,0.0,0.0,0.0,0.0,0.0,85591.11235674011,21571.682825286003,5930.324657646672
2040-10-01,5.0,9.0,9999.0,7.33,9.9,12.1,2.3,4.37,6.9,1.0,0.0,0.0,0.0,0.0,7.33,9.9,12.1,2.3,4.37,6.9,0.0,0.0,0.0,0.0,0.0,0.0,0.0,0.0,0.0,0.0,0.0,0.0,82134.7451196456,19271.380141338628,5261.515793796547
2040-11-01,5.0,9.0,9999.0,7.33,9.9,12.1,2.3,4.37,6.9,1.0,0.0,0.0,0.0,0.0,7.33,9.9,12.1,2.3,4.37,6.9,0.0,0.0,0.0,0.0,0.0,0.0,0.0,0.0,0.0,0.0,0.0,0.0,76580.12990702176,16198.709300137003,4416.832861360978
2040-12-01,5.0,9.0,9999.0,7.33,9.9,12.1,2.3,4.37,6.9,1.0,0.0,0.0,0.0,0.0,7.33,9.9,12.1,2.3,4.37,6.9,0.0,0.0,0.0,0.0,0.0,0.0,0.0,0.0,0.0,0.0,0.0,0.0,70948.49284968188,13682.144927432588,3746.8858217104967
2041-01-01,5.0,9.0,9999.0,7.33,9.9,12.1,2.3,4.37,6.9,1.0,0.0,0.0,0.0,0.0,7.33,9.9,12.1,2.3,4.37,6.9,0.0,0.0,0.0,0.0,0.0,0.0,0.0,0.0,0.0,0.0,0.0,0.0,73803.31412533009,14889.906258072817,4065.2054630508574
2041-02-01,5.0,9.0,9999.0,7.33,9.9,12.1,2.3,4.37,6.9,1.0,0.0,0.0,0.0,0.0,7.33,9.9,12.1,2.3,4.37,6.9,0.0,0.0,0.0,0.0,0.0,0.0,0.0,0.0,0.0,0.0,0.0,0.0,74330.0745920885,15127.582115163723,4128.799881104056
2041-03-01,5.0,9.0,9999.0,7.33,9.9,12.1,2.3,4.37,6.9,1.0,0.0,0.0,0.0,0.0,7.33,9.9,12.1,2.3,4.37,6.9,0.0,0.0,0.0,0.0,0.0,0.0,0.0,0.0,0.0,0.0,0.0,0.0,74177.84822558529,15058.360154908638,4110.217845759733
2041-04-01,5.0,9.0,9999.0,7.33,9.9,12.1,2.3,4.37,6.9,1.0,0.0,0.0,0.0,0.0,7.33,9.9,12.1,2.3,4.37,6.9,0.0,0.0,0.0,0.0,0.0,0.0,0.0,0.0,0.0,0.0,0.0,0.0,79579.70912614076,17772.83374160368,4843.285298096257
2041-05-01,5.0,9.0,9999.0,7.33,9.9,12.1,2.3,4.37,6.9,1.0,0.0,0.0,0.0,0.0,7.33,9.9,12.1,2.3,4.37,6.9,0.0,0.0,0.0,0.0,0.0,0.0,0.0,0.0,0.0,0.0,0.0,0.0,81522.31724737873,18897.342211853134,5156.168425040879
2041-06-01,5.0,9.0,9999.0,7.33,9.9,12.1,2.3,4.37,6.9,1.0,0.0,0.0,0.0,0.0,7.33,9.9,12.1,2.3,4.37,6.9,0.0,0.0,0.0,0.0,0.0,0.0,0.0,0.0,0.0,0.0,0.0,0.0,85348.76447197121,21399.366250877734,5878.957585241557
2041-07-01,5.0,9.0,9999.0,7.33,9.9,12.1,2.3,4.37,6.9,1.0,0.0,0.0,0.0,0.0,7.33,9.9,12.1,2.3,4.37,6.9,0.0,0.0,0.0,0.0,0.0,0.0,0.0,0.0,0.0,0.0,0.0,0.0,88948.21272471914,24189.776134778305,6732.579018109859
2041-08-01,5.0,9.0,9999.0,7.33,9.9,12.1,2.3,4.37,6.9,1.0,0.0,0.0,0.0,0.0,7.33,9.9,12.1,2.3,4.37,6.9,0.0,0.0,0.0,0.0,0.0,0.0,0.0,0.0,0.0,0.0,0.0,0.0,89500.24213811441,24665.267856312457,6885.965198057607
2041-09-01,5.0,9.0,9999.0,7.33,9.9,12.1,2.3,4.37,6.9,1.0,0.0,0.0,0.0,0.0,7.33,9.9,12.1,2.3,4.37,6.9,0.0,0.0,0.0,0.0,0.0,0.0,0.0,0.0,0.0,0.0,0.0,0.0,88668.15484401623,23954.132636858234,6657.843342987365
2041-10-01,5.0,9.0,9999.0,7.33,9.9,12.1,2.3,4.37,6.9,1.0,0.0,0.0,0.0,0.0,7.33,9.9,12.1,2.3,4.37,6.9,0.0,0.0,0.0,0.0,0.0,0.0,0.0,0.0,0.0,0.0,0.0,0.0,84331.32929477183,20694.312282041003,5670.958078429193
2041-11-01,5.0,9.0,9999.0,7.33,9.9,12.1,2.3,4.37,6.9,1.0,0.0,0.0,0.0,0.0,7.33,9.9,12.1,2.3,4.37,6.9,0.0,0.0,0.0,0.0,0.0,0.0,0.0,0.0,0.0,0.0,0.0,0.0,78095.36182287076,16970.72203114722,4625.592976215247
2041-12-01,5.0,9.0,9999.0,7.33,9.9,12.1,2.3,4.37,6.9,1.0,0.0,0.0,0.0,0.0,7.33,9.9,12.1,2.3,4.37,6.9,0.0,0.0,0.0,0.0,0.0,0.0,0.0,0.0,0.0,0.0,0.0,0.0,74572.87246450674,15238.493144264128,4158.640137199424
2042-01-01,5.0,9.0,9999.0,7.33,9.9,12.1,2.3,4.37,6.9,1.0,0.0,0.0,0.0,0.0,7.33,9.9,12.1,2.3,4.37,6.9,0.0,0.0,0.0,0.0,0.0,0.0,0.0,0.0,0.0,0.0,0.0,0.0,72414.52516167912,14288.13723124397,3905.0177786664717
2042-02-01,5.0,9.0,9999.0,7.33,9.9,12.1,2.3,4.37,6.9,1.0,0.0,0.0,0.0,0.0,7.33,9.9,12.1,2.3,4.37,6.9,0.0,0.0,0.0,0.0,0.0,0.0,0.0,0.0,0.0,0.0,0.0,0.0,73490.93235468889,14751.62840847702,4028.1770341535444
2042-03-01,5.0,9.0,9999.0,7.33,9.9,12.1,2.3,4.37,6.9,1.0,0.0,0.0,0.0,0.0,7.33,9.9,12.1,2.3,4.37,6.9,0.0,0.0,0.0,0.0,0.0,0.0,0.0,0.0,0.0,0.0,0.0,0.0,77261.33379200427,16540.95038758784,4509.291878475617
2042-04-01,5.0,9.0,9999.0,7.33,9.9,12.1,2.3,4.37,6.9,1.0,0.0,0.0,0.0,0.0,7.33,9.9,12.1,2.3,4.37,6.9,0.0,0.0,0.0,0.0,0.0,0.0,0.0,0.0,0.0,0.0,0.0,0.0,81292.74613880238,18759.876613508914,5117.437112368469
2042-05-01,5.0,9.0,9999.0,7.33,9.9,12.1,2.3,4.37,6.9,1.0,0.0,0.0,0.0,0.0,7.33,9.9,12.1,2.3,4.37,6.9,0.0,0.0,0.0,0.0,0.0,0.0,0.0,0.0,0.0,0.0,0.0,0.0,81885.32021415385,19117.872170682593,5218.208059331752
2042-06-01,5.0,9.0,9999.0,7.33,9.9,12.1,2.3,4.37,6.9,1.0,0.0,0.0,0.0,0.0,7.33,9.9,12.1,2.3,4.37,6.9,0.0,0.0,0.0,0.0,0.0,0.0,0.0,0.0,0.0,0.0,0.0,0.0,87713.96124091042,23174.24067392594,6415.032782229054
2042-07-01,5.0,9.0,9999.0,7.33,9.9,12.1,2.3,4.37,6.9,1.0,0.0,0.0,0.0,0.0,7.33,9.9,12.1,2.3,4.37,6.9,0.0,0.0,0.0,0.0,0.0,0.0,0.0,0.0,0.0,0.0,0.0,0.0,90620.35977905134,25679.59209617495,7218.628711850753
2042-08-01,5.0,9.0,9999.0,7.33,9.9,12.1,2.3,4.37,6.9,1.0,0.0,0.0,0.0,0.0,7.33,9.9,12.1,2.3,4.37,6.9,0.0,0.0,0.0,0.0,0.0,0.0,0.0,0.0,0.0,0.0,0.0,0.0,89954.18101355137,25068.505615337883,7017.222476612894
2042-09-01,5.0,9.0,9999.0,7.33,9.9,12.1,2.3,4.37,6.9,1.0,0.0,0.0,0.0,0.0,7.33,9.9,12.1,2.3,4.37,6.9,0.0,0.0,0.0,0.0,0.0,0.0,0.0,0.0,0.0,0.0,0.0,0.0,87553.9526543006,23047.08542441056,6375.870631376156
2042-10-01,5.0,9.0,9999.0,7.33,9.9,12.1,2.3,4.37,6.9,1.0,0.0,0.0,0.0,0.0,7.33,9.9,12.1,2.3,4.37,6.9,0.0,0.0,0.0,0.0,0.0,0.0,0.0,0.0,0.0,0.0,0.0,0.0,83436.30594392061,20099.077372913245,5497.905093939076
2042-11-01,5.0,9.0,9999.0,7.33,9.9,12.1,2.3,4.37,6.9,1.0,0.0,0.0,0.0,0.0,7.33,9.9,12.1,2.3,4.37,6.9,0.0,0.0,0.0,0.0,0.0,0.0,0.0,0.0,0.0,0.0,0.0,0.0,77939.9292016723,16889.5093121537,4603.628573356549
2042-12-01,5.0,9.0,9999.0,7.33,9.9,12.1,2.3,4.37,6.9,1.0,0.0,0.0,0.0,0.0,7.33,9.9,12.1,2.3,4.37,6.9,0.0,0.0,0.0,0.0,0.0,0.0,0.0,0.0,0.0,0.0,0.0,0.0,77109.85505923456,16464.2816007627,4488.554215969503
2043-01-01,5.0,9.0,9999.0,7.33,9.9,12.1,2.3,4.37,6.9,1.0,0.0,0.0,0.0,0.0,7.33,9.9,12.1,2.3,4.37,6.9,0.0,0.0,0.0,0.0,0.0,0.0,0.0,0.0,0.0,0.0,0.0,0.0,73056.08344089953,14562.302924161731,3977.451609033718
2043-02-01,5.0,9.0,9999.0,7.33,9.9,12.1,2.3,4.37,6.9,1.0,0.0,0.0,0.0,0.0,7.33,9.9,12.1,2.3,4.37,6.9,0.0,0.0,0.0,0.0,0.0,0.0,0.0,0.0,0.0,0.0,0.0,0.0,77314.4072220643,16567.895690056357,4516.577040693853
2043-03-01,5.0,9.0,9999.0,7.33,9.9,12.1,2.3,4.37,6.9,1.0,0.0,0.0,0.0,0.0,7.33,9.9,12.1,2.3,4.37,6.9,0.0,0.0,0.0,0.0,0.0,0.0,0.0,0.0,0.0,0.0,0.0,0.0,77868.54958892142,16852.447772065596,4593.581832349673
2043-04-01,5.0,9.0,9999.0,7.33,9.9,12.1,2.3,4.37,6.9,1.0,0.0,0.0,0.0,0.0,7.33,9.9,12.1,2.3,4.37,6.9,0.0,0.0,0.0,0.0,0.0,0.0,0.0,0.0,0.0,0.0,0.0,0.0,78350.74282923601,17105.31261185057,4662.037512732766
2043-05-01,5.0,9.0,9999.0,7.33,9.9,12.1,2.3,4.37,6.9,1.0,0.0,0.0,0.0,0.0,7.33,9.9,12.1,2.3,4.37,6.9,0.0,0.0,0.0,0.0,0.0,0.0,0.0,0.0,0.0,0.0,0.0,0.0,83612.6973212513,20214.803780726885,5531.346644462569
2043-06-01,5.0,9.0,9999.0,7.33,9.9,12.1,2.3,4.37,6.9,1.0,0.0,0.0,0.0,0.0,7.33,9.9,12.1,2.3,4.37,6.9,0.0,0.0,0.0,0.0,0.0,0.0,0.0,0.0,0.0,0.0,0.0,0.0,85827.10793486604,21741.25625675293,5981.160304839254
2043-07-01,5.0,9.0,9999.0,7.33,9.9,12.1,2.3,4.37,6.9,1.0,0.0,0.0,0.0,0.0,7.33,9.9,12.1,2.3,4.37,6.9,0.0,0.0,0.0,0.0,0.0,0.0,0.0,0.0,0.0,0.0,0.0,0.0,87619.7983123926,23099.292520716193,6391.952608575037
2043-08-01,5.0,9.0,9999.0,7.33,9.9,12.1,2.3,4.37,6.9,1.0,0.0,0.0,0.0,0.0,7.33,9.9,12.1,2.3,4.37,6.9,0.0,0.0,0.0,0.0,0.0,0.0,0.0,0.0,0.0,0.0,0.0,0.0,88454.9400371625,23776.84296568079,6602.075762498411
2043-09-01,5.0,9.0,9999.0,7.33,9.9,12.1,2.3,4.37,6.9,1.0,0.0,0.0,0.0,0.0,7.33,9.9,12.1,2.3,4.37,6.9,0.0,0.0,0.0,0.0,0.0,0.0,0.0,0.0,0.0,0.0,0.0,0.0,87065.3853349829,22665.217609276355,6258.995002737811
2043-10-01,5.0,9.0,9999.0,7.33,9.9,12.1,2.3,4.37,6.9,1.0,0.0,0.0,0.0,0.0,7.33,9.9,12.1,2.3,4.37,6.9,0.0,0.0,0.0,0.0,0.0,0.0,0.0,0.0,0.0,0.0,0.0,0.0,85008.08904840269,21160.304987491134,5808.045899488865
2043-11-01,5.0,9.0,9999.0,7.33,9.9,12.1,2.3,4.37,6.9,1.0,0.0,0.0,0.0,0.0,7.33,9.9,12.1,2.3,4.37,6.9,0.0,0.0,0.0,0.0,0.0,0.0,0.0,0.0,0.0,0.0,0.0,0.0,78468.247985264,17167.735998011845,4678.959307522866
2043-12-01,5.0,9.0,9999.0,7.33,9.9,12.1,2.3,4.37,6.9,1.0,0.0,0.0,0.0,0.0,7.33,9.9,12.1,2.3,4.37,6.9,0.0,0.0,0.0,0.0,0.0,0.0,0.0,0.0,0.0,0.0,0.0,0.0,75925.65751039797,15876.211338633662,4330.024768675727
2044-01-01,5.0,9.0,9999.0,7.33,9.9,12.1,2.3,4.37,6.9,1.0,0.0,0.0,0.0,0.0,7.33,9.9,12.1,2.3,4.37,6.9,0.0,0.0,0.0,0.0,0.0,0.0,0.0,0.0,0.0,0.0,0.0,0.0,75277.6609173251,15566.166118331877,4246.488583436939
2044-02-01,5.0,9.0,9999.0,7.33,9.9,12.1,2.3,4.37,6.9,1.0,0.0,0.0,0.0,0.0,7.33,9.9,12.1,2.3,4.37,6.9,0.0,0.0,0.0,0.0,0.0,0.0,0.0,0.0,0.0,0.0,0.0,0.0,77145.53027715429,16482.311035842107,4493.426175836037
2044-03-01,5.0,9.0,9999.0,7.33,9.9,12.1,2.3,4.37,6.9,1.0,0.0,0.0,0.0,0.0,7.33,9.9,12.1,2.3,4.37,6.9,0.0,0.0,0.0,0.0,0.0,0.0,0.0,0.0,0.0,0.0,0.0,0.0,80640.43779741334,18376.23724163319,5009.853072223187
2044-04-01,5.0,9.0,9999.0,7.33,9.9,12.1,2.3,4.37,6.9,1.0,0.0,0.0,0.0,0.0,7.33,9.9,12.1,2.3,4.37,6.9,0.0,0.0,0.0,0.0,0.0,0.0,0.0,0.0,0.0,0.0,0.0,0.0,83183.38271552314,19934.730258743282,5450.580140418266
2044-05-01,5.0,9.0,9999.0,7.33,9.9,12.1,2.3,4.37,6.9,1.0,0.0,0.0,0.0,0.0,7.33,9.9,12.1,2.3,4.37,6.9,0.0,0.0,0.0,0.0,0.0,0.0,0.0,0.0,0.0,0.0,0.0,0.0,89672.98673307947,24817.225216260078,6935.2561190618
2044-06-01,5.0,9.0,9999.0,7.33,9.9,12.1,2.3,4.37,6.9,1.0,0.0,0.0,0.0,0.0,7.33,9.9,12.1,2.3,4.37,6.9,0.0,0.0,0.0,0.0,0.0,0.0,0.0,0.0,0.0,0.0,0.0,0.0,88028.08559031968,23426.850671749464,6492.9406666632885
2044-07-01,5.0,9.0,9999.0,7.33,9.9,12.1,2.3,4.37,6.9,1.0,0.0,0.0,0.0,0.0,7.33,9.9,12.1,2.3,4.37,6.9,0.0,0.0,0.0,0.0,0.0,0.0,0.0,0.0,0.0,0.0,0.0,0.0,89867.83781758344,24990.87983911315,6991.880382093231
2044-08-01,5.0,9.0,9999.0,7.33,9.9,12.1,2.3,4.37,6.9,1.0,0.0,0.0,0.0,0.0,7.33,9.9,12.1,2.3,4.37,6.9,0.0,0.0,0.0,0.0,0.0,0.0,0.0,0.0,0.0,0.0,0.0,0.0,91521.63133249889,26544.74822483323,7506.716473613752
2044-09-01,5.0,9.0,9999.0,7.33,9.9,12.1,2.3,4.37,6.9,1.0,0.0,0.0,0.0,0.0,7.33,9.9,12.1,2.3,4.37,6.9,0.0,0.0,0.0,0.0,0.0,0.0,0.0,0.0,0.0,0.0,0.0,0.0,91859.21448953767,26881.025274751628,7621.446142170821
2044-10-01,5.0,9.0,9999.0,7.33,9.9,12.1,2.3,4.37,6.9,1.0,0.0,0.0,0.0,0.0,7.33,9.9,12.1,2.3,4.37,6.9,0.0,0.0,0.0,0.0,0.0,0.0,0.0,0.0,0.0,0.0,0.0,0.0,83668.64846137635,20251.638307419224,5542.008656953352
2044-11-01,5.0,9.0,9999.0,7.33,9.9,12.1,2.3,4.37,6.9,1.0,0.0,0.0,0.0,0.0,7.33,9.9,12.1,2.3,4.37,6.9,0.0,0.0,0.0,0.0,0.0,0.0,0.0,0.0,0.0,0.0,0.0,0.0,78521.64939372224,17196.208422057312,4686.673090490641
2044-12-01,5.0,9.0,9999.0,7.33,9.9,12.1,2.3,4.37,6.9,1.0,0.0,0.0,0.0,0.0,7.33,9.9,12.1,2.3,4.37,6.9,0.0,0.0,0.0,0.0,0.0,0.0,0.0,0.0,0.0,0.0,0.0,0.0,75041.37349496048,15455.27170037039,4216.744529524119
2045-01-01,5.0,9.0,9999.0,7.33,9.9,12.1,2.3,4.37,6.9,1.0,0.0,0.0,0.0,0.0,7.33,9.9,12.1,2.3,4.37,6.9,0.0,0.0,0.0,0.0,0.0,0.0,0.0,0.0,0.0,0.0,0.0,0.0,73211.83570575177,14629.81214259964,3995.5178130253257
2045-02-01,5.0,9.0,9999.0,7.33,9.9,12.1,2.3,4.37,6.9,1.0,0.0,0.0,0.0,0.0,7.33,9.9,12.1,2.3,4.37,6.9,0.0,0.0,0.0,0.0,0.0,0.0,0.0,0.0,0.0,0.0,0.0,0.0,75593.70994195143,15716.17533882978,4286.87381976772
2045-03-01,5.0,9.0,9999.0,7.33,9.9,12.1,2.3,4.37,6.9,1.0,0.0,0.0,0.0,0.0,7.33,9.9,12.1,2.3,4.37,6.9,0.0,0.0,0.0,0.0,0.0,0.0,0.0,0.0,0.0,0.0,0.0,0.0,76882.60732015844,16349.925655954596,4457.653482750127
2045-04-01,5.0,9.0,9999.0,7.33,9.9,12.1,2.3,4.37,6.9,1.0,0.0,0.0,0.0,0.0,7.33,9.9,12.1,2.3,4.37,6.9,0.0,0.0,0.0,0.0,0.0,0.0,0.0,0.0,0.0,0.0,0.0,0.0,81292.74613880238,18759.876613508914,5117.437112368469
2045-05-01,5.0,9.0,9999.0,7.33,9.9,12.1,2.3,4.37,6.9,1.0,0.0,0.0,0.0,0.0,7.33,9.9,12.1,2.3,4.37,6.9,0.0,0.0,0.0,0.0,0.0,0.0,0.0,0.0,0.0,0.0,0.0,0.0,80449.31222001654,18265.40294521685,4978.903115375777
2045-06-01,5.0,9.0,9999.0,7.33,9.9,12.1,2.3,4.37,6.9,1.0,0.0,0.0,0.0,0.0,7.33,9.9,12.1,2.3,4.37,6.9,0.0,0.0,0.0,0.0,0.0,0.0,0.0,0.0,0.0,0.0,0.0,0.0,88023.55045390323,23423.166718375334,6491.801979284329
2045-07-01,5.0,9.0,9999.0,7.33,9.9,12.1,2.3,4.37,6.9,1.0,0.0,0.0,0.0,0.0,7.33,9.9,12.1,2.3,4.37,6.9,0.0,0.0,0.0,0.0,0.0,0.0,0.0,0.0,0.0,0.0,0.0,0.0,87760.48125394454,23211.36541321283,6426.4770003444055
2045-08-01,5.0,9.0,9999.0,7.33,9.9,12.1,2.3,4.37,6.9,1.0,0.0,0.0,0.0,0.0,7.33,9.9,12.1,2.3,4.37,6.9,0.0,0.0,0.0,0.0,0.0,0.0,0.0,0.0,0.0,0.0,0.0,0.0,89724.66750930568,24863.07594011269,6950.185622449743
2045-09-01,5.0,9.0,9999.0,7.33,9.9,12.1,2.3,4.37,6.9,1.0,0.0,0.0,0.0,0.0,7.33,9.9,12.1,2.3,4.37,6.9,0.0,0.0,0.0,0.0,0.0,0.0,0.0,0.0,0.0,0.0,0.0,0.0,87605.68209212719,23088.083942674613,6388.501820620887
2045-10-01,5.0,9.0,9999.0,7.33,9.9,12.1,2.3,4.37,6.9,1.0,0.0,0.0,0.0,0.0,7.33,9.9,12.1,2.3,4.37,6.9,0.0,0.0,0.0,0.0,0.0,0.0,0.0,0.0,0.0,0.0,0.0,0.0,81589.32875970073,18937.809177057396,5167.547736935468
2045-11-01,5.0,9.0,9999.0,7.33,9.9,12.1,2.3,4.37,6.9,1.0,0.0,0.0,0.0,0.0,7.33,9.9,12.1,2.3,4.37,6.9,0.0,0.0,0.0,0.0,0.0,0.0,0.0,0.0,0.0,0.0,0.0,0.0,75548.32090011411,15694.488382288368,4281.024224949603
2045-12-01,5.0,9.0,9999.0,7.33,9.9,12.1,2.3,4.37,6.9,1.0,0.0,0.0,0.0,0.0,7.33,9.9,12.1,2.3,4.37,6.9,0.0,0.0,0.0,0.0,0.0,0.0,0.0,0.0,0.0,0.0,0.0,0.0,72741.52900336236,14427.164764401883,3941.5270384642436
2046-01-01,5.0,9.0,9999.0,7.33,9.9,12.1,2.3,4.37,6.9,1.0,0.0,0.0,0.0,0.0,7.33,9.9,12.1,2.3,4.37,6.9,0.0,0.0,0.0,0.0,0.0,0.0,0.0,0.0,0.0,0.0,0.0,0.0,74830.52425483828,15357.287135805038,4190.482331666332
2046-02-01,5.0,9.0,9999.0,7.33,9.9,12.1,2.3,4.37,6.9,1.0,0.0,0.0,0.0,0.0,7.33,9.9,12.1,2.3,4.37,6.9,0.0,0.0,0.0,0.0,0.0,0.0,0.0,0.0,0.0,0.0,0.0,0.0,75924.34383885338,15875.572795412068,4329.85294001671
2046-03-01,5.0,9.0,9999.0,7.33,9.9,12.1,2.3,4.37,6.9,1.0,0.0,0.0,0.0,0.0,7.33,9.9,12.1,2.3,4.37,6.9,0.0,0.0,0.0,0.0,0.0,0.0,0.0,0.0,0.0,0.0,0.0,0.0,75335.53170670496,15593.51039516046,4253.83879610161
2046-04-01,5.0,9.0,9999.0,7.33,9.9,12.1,2.3,4.37,6.9,1.0,0.0,0.0,0.0,0.0,7.33,9.9,12.1,2.3,4.37,6.9,0.0,0.0,0.0,0.0,0.0,0.0,0.0,0.0,0.0,0.0,0.0,0.0,79729.83000062135,17856.740453810806,4866.16434440119
2046-05-01,5.0,9.0,9999.0,7.33,9.9,12.1,2.3,4.37,6.9,1.0,0.0,0.0,0.0,0.0,7.33,9.9,12.1,2.3,4.37,6.9,0.0,0.0,0.0,0.0,0.0,0.0,0.0,0.0,0.0,0.0,0.0,0.0,80162.02696754113,18100.81643999264,4933.263037497285
2046-06-01,5.0,9.0,9999.0,7.33,9.9,12.1,2.3,4.37,6.9,1.0,0.0,0.0,0.0,0.0,7.33,9.9,12.1,2.3,4.37,6.9,0.0,0.0,0.0,0.0,0.0,0.0,0.0,0.0,0.0,0.0,0.0,0.0,88492.34961490097,23807.792113513427,6611.7965463929795
2046-07-01,5.0,9.0,9999.0,7.33,9.9,12.1,2.3,4.37,6.9,1.0,0.0,0.0,0.0,0.0,7.33,9.9,12.1,2.3,4.37,6.9,0.0,0.0,0.0,0.0,0.0,0.0,0.0,0.0,0.0,0.0,0.0,0.0,92052.93948721506,27076.36214720723,7689.193332967682
2046-08-01,5.0,9.0,9999.0,7.33,9.9,12.1,2.3,4.37,6.9,1.0,0.0,0.0,0.0,0.0,7.33,9.9,12.1,2.3,4.37,6.9,0.0,0.0,0.0,0.0,0.0,0.0,0.0,0.0,0.0,0.0,0.0,0.0,90934.5337909934,25975.812184828374,7316.688395880849
2046-09-01,5.0,9.0,9999.0,7.33,9.9,12.1,2.3,4.37,6.9,1.0,0.0,0.0,0.0,0.0,7.33,9.9,12.1,2.3,4.37,6.9,0.0,0.0,0.0,0.0,0.0,0.0,0.0,0.0,0.0,0.0,0.0,0.0,87997.99238932623,23402.417697928882,6485.3909419261845
2046-10-01,5.0,9.0,9999.0,7.33,9.9,12.1,2.3,4.37,6.9,1.0,0.0,0.0,0.0,0.0,7.33,9.9,12.1,2.3,4.37,6.9,0.0,0.0,0.0,0.0,0.0,0.0,0.0,0.0,0.0,0.0,0.0,0.0,85279.41297899689,21350.45043990823,5864.417607324817
2046-11-01,5.0,9.0,9999.0,7.33,9.9,12.1,2.3,4.37,6.9,1.0,0.0,0.0,0.0,0.0,7.33,9.9,12.1,2.3,4.37,6.9,0.0,0.0,0.0,0.0,0.0,0.0,0.0,0.0,0.0,0.0,0.0,0.0,79703.37772249107,17841.938477792773,4862.115177472173
2046-12-01,5.0,9.0,9999.0,7.33,9.9,12.1,2.3,4.37,6.9,1.0,0.0,0.0,0.0,0.0,7.33,9.9,12.1,2.3,4.37,6.9,0.0,0.0,0.0,0.0,0.0,0.0,0.0,0.0,0.0,0.0,0.0,0.0,72121.4168138329,14164.45727148882,3872.7475107575633
2047-01-01,5.0,9.0,9999.0,7.33,9.9,12.1,2.3,4.37,6.9,1.0,0.0,0.0,0.0,0.0,7.33,9.9,12.1,2.3,4.37,6.9,0.0,0.0,0.0,0.0,0.0,0.0,0.0,0.0,0.0,0.0,0.0,0.0,72801.28716960593,14452.745752643707,3948.288847091097
2047-02-01,5.0,9.0,9999.0,7.33,9.9,12.1,2.3,4.37,6.9,1.0,0.0,0.0,0.0,0.0,7.33,9.9,12.1,2.3,4.37,6.9,0.0,0.0,0.0,0.0,0.0,0.0,0.0,0.0,0.0,0.0,0.0,0.0,79381.80204003143,17663.051054079187,4813.471857550946
2047-03-01,5.0,9.0,9999.0,7.33,9.9,12.1,2.3,4.37,6.9,1.0,0.0,0.0,0.0,0.0,7.33,9.9,12.1,2.3,4.37,6.9,0.0,0.0,0.0,0.0,0.0,0.0,0.0,0.0,0.0,0.0,0.0,0.0,77847.56726849417,16841.566630018988,4590.633768562146
2047-04-01,5.0,9.0,9999.0,7.33,9.9,12.1,2.3,4.37,6.9,1.0,0.0,0.0,0.0,0.0,7.33,9.9,12.1,2.3,4.37,6.9,0.0,0.0,0.0,0.0,0.0,0.0,0.0,0.0,0.0,0.0,0.0,0.0,79840.4264184671,17918.759812294556,4883.170384597855
2047-05-01,5.0,9.0,9999.0,7.33,9.9,12.1,2.3,4.37,6.9,1.0,0.0,0.0,0.0,0.0,7.33,9.9,12.1,2.3,4.37,6.9,0.0,0.0,0.0,0.0,0.0,0.0,0.0,0.0,0.0,0.0,0.0,0.0,81373.59866941007,18808.106481014787,5131.03359181421
2047-06-01,5.0,9.0,9999.0,7.33,9.9,12.1,2.3,4.37,6.9,1.0,0.0,0.0,0.0,0.0,7.33,9.9,12.1,2.3,4.37,6.9,0.0,0.0,0.0,0.0,0.0,0.0,0.0,0.0,0.0,0.0,0.0,0.0,85266.3588586298,21341.276475649516,5861.689313636712
2047-07-01,5.0,9.0,9999.0,7.33,9.9,12.1,2.3,4.37,6.9,1.0,0.0,0.0,0.0,0.0,7.33,9.9,12.1,2.3,4.37,6.9,0.0,0.0,0.0,0.0,0.0,0.0,0.0,0.0,0.0,0.0,0.0,0.0,86458.90336035907,22205.195290253625,6120.303567157899
2047-08-01,5.0,9.0,9999.0,7.33,9.9,12.1,2.3,4.37,6.9,1.0,0.0,0.0,0.0,0.0,7.33,9.9,12.1,2.3,4.37,6.9,0.0,0.0,0.0,0.0,0.0,0.0,0.0,0.0,0.0,0.0,0.0,0.0,87062.32730078342,22662.859333891727,6258.276924604041
2047-09-01,5.0,9.0,9999.0,7.33,9.9,12.1,2.3,4.37,6.9,1.0,0.0,0.0,0.0,0.0,7.33,9.9,12.1,2.3,4.37,6.9,0.0,0.0,0.0,0.0,0.0,0.0,0.0,0.0,0.0,0.0,0.0,0.0,86308.40462041841,22093.335298157566,6086.816773994524
2047-10-01,5.0,9.0,9999.0,7.33,9.9,12.1,2.3,4.37,6.9,1.0,0.0,0.0,0.0,0.0,7.33,9.9,12.1,2.3,4.37,6.9,0.0,0.0,0.0,0.0,0.0,0.0,0.0,0.0,0.0,0.0,0.0,0.0,85519.96009521843,21520.88994174889,5915.167163417
2047-11-01,5.0,9.0,9999.0,7.33,9.9,12.1,2.3,4.37,6.9,1.0,0.0,0.0,0.0,0.0,7.33,9.9,12.1,2.3,4.37,6.9,0.0,0.0,0.0,0.0,0.0,0.0,0.0,0.0,0.0,0.0,0.0,0.0,77906.30881981242,16872.043637943785,4598.894672941357
2047-12-01,5.0,9.0,9999.0,7.33,9.9,12.1,2.3,4.37,6.9,1.0,0.0,0.0,0.0,0.0,7.33,9.9,12.1,2.3,4.37,6.9,0.0,0.0,0.0,0.0,0.0,0.0,0.0,0.0,0.0,0.0,0.0,0.0,70014.88281980836,13312.782980474147,3650.8337206150454
2048-01-01,5.0,9.0,9999.0,7.33,9.9,12.1,2.3,4.37,6.9,1.0,0.0,0.0,0.0,0.0,7.33,9.9,12.1,2.3,4.37,6.9,0.0,0.0,0.0,0.0,0.0,0.0,0.0,0.0,0.0,0.0,0.0,0.0,73826.71260433455,14900.359543690129,4067.9925699912587
2048-02-01,5.0,9.0,9999.0,7.33,9.9,12.1,2.3,4.37,6.9,1.0,0.0,0.0,0.0,0.0,7.33,9.9,12.1,2.3,4.37,6.9,0.0,0.0,0.0,0.0,0.0,0.0,0.0,0.0,0.0,0.0,0.0,0.0,79029.91176528696,17470.333127653255,4761.036193896786
2048-03-01,5.0,9.0,9999.0,7.33,9.9,12.1,2.3,4.37,6.9,1.0,0.0,0.0,0.0,0.0,7.33,9.9,12.1,2.3,4.37,6.9,0.0,0.0,0.0,0.0,0.0,0.0,0.0,0.0,0.0,0.0,0.0,0.0,73701.34603333217,14844.537049879356,4053.0753040323566
2048-04-01,5.0,9.0,9999.0,7.33,9.9,12.1,2.3,4.37,6.9,1.0,0.0,0.0,0.0,0.0,7.33,9.9,12.1,2.3,4.37,6.9,0.0,0.0,0.0,0.0,0.0,0.0,0.0,0.0,0.0,0.0,0.0,0.0,78652.91716193706,17266.524955763532,4705.710236370237
2048-05-01,5.0,9.0,9999.0,7.33,9.9,12.1,2.3,4.37,6.9,1.0,0.0,0.0,0.0,0.0,7.33,9.9,12.1,2.3,4.37,6.9,0.0,0.0,0.0,0.0,0.0,0.0,0.0,0.0,0.0,0.0,0.0,0.0,82186.37785938472,19303.45048506837,5270.569826252178
2048-06-01,5.0,9.0,9999.0,7.33,9.9,12.1,2.3,4.37,6.9,1.0,0.0,0.0,0.0,0.0,7.33,9.9,12.1,2.3,4.37,6.9,0.0,0.0,0.0,0.0,0.0,0.0,0.0,0.0,0.0,0.0,0.0,0.0,84642.51172619707,20906.86554260178,5733.252136224072
2048-07-01,5.0,9.0,9999.0,7.33,9.9,12.1,2.3,4.37,6.9,1.0,0.0,0.0,0.0,0.0,7.33,9.9,12.1,2.3,4.37,6.9,0.0,0.0,0.0,0.0,0.0,0.0,0.0,0.0,0.0,0.0,0.0,0.0,88471.02474598151,23790.14672728988,6606.254758708958
2048-08-01,5.0,9.0,9999.0,7.33,9.9,12.1,2.3,4.37,6.9,1.0,0.0,0.0,0.0,0.0,7.33,9.9,12.1,2.3,4.37,6.9,0.0,0.0,0.0,0.0,0.0,0.0,0.0,0.0,0.0,0.0,0.0,0.0,89745.21442676181,24881.351500950073,6956.1415589285325
2048-09-01,5.0,9.0,9999.0,7.33,9.9,12.1,2.3,4.37,6.9,1.0,0.0,0.0,0.0,0.0,7.33,9.9,12.1,2.3,4.37,6.9,0.0,0.0,0.0,0.0,0.0,0.0,0.0,0.0,0.0,0.0,0.0,0.0,88845.4680647662,24102.968470929845,6704.9192349988
2048-10-01,5.0,9.0,9999.0,7.33,9.9,12.1,2.3,4.37,6.9,1.0,0.0,0.0,0.0,0.0,7.33,9.9,12.1,2.3,4.37,6.9,0.0,0.0,0.0,0.0,0.0,0.0,0.0,0.0,0.0,0.0,0.0,0.0,81811.30006018344,19072.67264890483,5205.465653546906
2048-11-01,5.0,9.0,9999.0,7.33,9.9,12.1,2.3,4.37,6.9,1.0,0.0,0.0,0.0,0.0,7.33,9.9,12.1,2.3,4.37,6.9,0.0,0.0,0.0,0.0,0.0,0.0,0.0,0.0,0.0,0.0,0.0,0.0,77039.24315272979,16428.668622506848,4478.935735872007
2048-12-01,5.0,9.0,9999.0,7.33,9.9,12.1,2.3,4.37,6.9,1.0,0.0,0.0,0.0,0.0,7.33,9.9,12.1,2.3,4.37,6.9,0.0,0.0,0.0,0.0,0.0,0.0,0.0,0.0,0.0,0.0,0.0,0.0,70956.64223682994,13685.419779532502,3747.7389382430642
2049-01-01,5.0,9.0,9999.0,7.33,9.9,12.1,2.3,4.37,6.9,1.0,0.0,0.0,0.0,0.0,7.33,9.9,12.1,2.3,4.37,6.9,0.0,0.0,0.0,0.0,0.0,0.0,0.0,0.0,0.0,0.0,0.0,0.0,70803.27674378682,13623.922771031885,3731.720366645134
2049-02-01,5.0,9.0,9999.0,7.33,9.9,12.1,2.3,4.37,6.9,1.0,0.0,0.0,0.0,0.0,7.33,9.9,12.1,2.3,4.37,6.9,0.0,0.0,0.0,0.0,0.0,0.0,0.0,0.0,0.0,0.0,0.0,0.0,73712.05126016049,14849.287975513333,4054.3477302531683
2049-03-01,5.0,9.0,9999.0,7.33,9.9,12.1,2.3,4.37,6.9,1.0,0.0,0.0,0.0,0.0,7.33,9.9,12.1,2.3,4.37,6.9,0.0,0.0,0.0,0.0,0.0,0.0,0.0,0.0,0.0,0.0,0.0,0.0,73147.5638228713,14601.909813327427,3988.055628431456
2049-04-01,5.0,9.0,9999.0,7.33,9.9,12.1,2.3,4.37,6.9,1.0,0.0,0.0,0.0,0.0,7.33,9.9,12.1,2.3,4.37,6.9,0.0,0.0,0.0,0.0,0.0,0.0,0.0,0.0,0.0,0.0,0.0,0.0,78781.11193923008,17335.53399646428,4724.4283024226825
2049-05-01,5.0,9.0,9999.0,7.33,9.9,12.1,2.3,4.37,6.9,1.0,0.0,0.0,0.0,0.0,7.33,9.9,12.1,2.3,4.37,6.9,0.0,0.0,0.0,0.0,0.0,0.0,0.0,0.0,0.0,0.0,0.0,0.0,82824.89474069864,19704.529943976107,5384.653455878999
2049-06-01,5.0,9.0,9999.0,7.33,9.9,12.1,2.3,4.37,6.9,1.0,0.0,0.0,0.0,0.0,7.33,9.9,12.1,2.3,4.37,6.9,0.0,0.0,0.0,0.0,0.0,0.0,0.0,0.0,0.0,0.0,0.0,0.0,82671.40491671234,19607.110535548785,5356.823662456619
2049-07-01,5.0,9.0,9999.0,7.33,9.9,12.1,2.3,4.37,6.9,1.0,0.0,0.0,0.0,0.0,7.33,9.9,12.1,2.3,4.37,6.9,0.0,0.0,0.0,0.0,0.0,0.0,0.0,0.0,0.0,0.0,0.0,0.0,87502.938066293,23006.766074797146,6363.468770835122
2049-08-01,5.0,9.0,9999.0,7.33,9.9,12.1,2.3,4.37,6.9,1.0,0.0,0.0,0.0,0.0,7.33,9.9,12.1,2.3,4.37,6.9,0.0,0.0,0.0,0.0,0.0,0.0,0.0,0.0,0.0,0.0,0.0,0.0,87384.16292703454,22913.243874012438,6334.758459098083
2049-09-01,5.0,9.0,9999.0,7.33,9.9,12.1,2.3,4.37,6.9,1.0,0.0,0.0,0.0,0.0,7.33,9.9,12.1,2.3,4.37,6.9,0.0,0.0,0.0,0.0,0.0,0.0,0.0,0.0,0.0,0.0,0.0,0.0,87680.2547410203,23147.388009009203,6406.752649793523
2049-10-01,5.0,9.0,9999.0,7.33,9.9,12.1,2.3,4.37,6.9,1.0,0.0,0.0,0.0,0.0,7.33,9.9,12.1,2.3,4.37,6.9,0.0,0.0,0.0,0.0,0.0,0.0,0.0,0.0,0.0,0.0,0.0,0.0,83767.54018971014,20316.87025006897,5560.952411271254
2049-11-01,5.0,9.0,9999.0,7.33,9.9,12.1,2.3,4.37,6.9,1.0,0.0,0.0,0.0,0.0,7.33,9.9,12.1,2.3,4.37,6.9,0.0,0.0,0.0,0.0,0.0,0.0,0.0,0.0,0.0,0.0,0.0,0.0,75967.5433002459,15896.596482384968,4335.516585147272
2049-12-01,5.0,9.0,9999.0,7.33,9.9,12.1,2.3,4.37,6.9,1.0,0.0,0.0,0.0,0.0,7.33,9.9,12.1,2.3,4.37,6.9,0.0,0.0,0.0,0.0,0.0,0.0,0.0,0.0,0.0,0.0,0.0,0.0,71891.95125783571,14068.423052309148,3847.6699894395542
2050-01-01,5.0,9.0,9999.0,7.33,9.9,12.1,2.3,4.37,6.9,1.0,0.0,0.0,0.0,0.0,7.33,9.9,12.1,2.3,4.37,6.9,0.0,0.0,0.0,0.0,0.0,0.0,0.0,0.0,0.0,0.0,0.0,0.0,73097.08582657878,14580.023733689302,3982.200288952099
2050-02-01,5.0,9.0,9999.0,7.33,9.9,12.1,2.3,4.37,6.9,1.0,0.0,0.0,0.0,0.0,7.33,9.9,12.1,2.3,4.37,6.9,0.0,0.0,0.0,0.0,0.0,0.0,0.0,0.0,0.0,0.0,0.0,0.0,73547.67318200471,14776.574144148706,4034.87088920599
2050-03-01,5.0,9.0,9999.0,7.33,9.9,12.1,2.3,4.37,6.9,1.0,0.0,0.0,0.0,0.0,7.33,9.9,12.1,2.3,4.37,6.9,0.0,0.0,0.0,0.0,0.0,0.0,0.0,0.0,0.0,0.0,0.0,0.0,73687.47325300681,14838.384484427186,4051.4264981175124
2050-04-01,5.0,9.0,9999.0,7.33,9.9,12.1,2.3,4.37,6.9,1.0,0.0,0.0,0.0,0.0,7.33,9.9,12.1,2.3,4.37,6.9,0.0,0.0,0.0,0.0,0.0,0.0,0.0,0.0,0.0,0.0,0.0,0.0,81181.47799017504,18693.730101877645,5098.82245858518
2050-05-01,5.0,9.0,9999.0,7.33,9.9,12.1,2.3,4.37,6.9,1.0,0.0,0.0,0.0,0.0,7.33,9.9,12.1,2.3,4.37,6.9,0.0,0.0,0.0,0.0,0.0,0.0,0.0,0.0,0.0,0.0,0.0,0.0,80833.07604646197,18488.69531337233,5041.28989760049
2050-06-01,5.0,9.0,9999.0,7.33,9.9,12.1,2.3,4.37,6.9,1.0,0.0,0.0,0.0,0.0,7.33,9.9,12.1,2.3,4.37,6.9,0.0,0.0,0.0,0.0,0.0,0.0,0.0,0.0,0.0,0.0,0.0,0.0,81667.50721070699,18985.152826003035,5180.8502114535495
2050-07-01,5.0,9.0,9999.0,7.33,9.9,12.1,2.3,4.37,6.9,1.0,0.0,0.0,0.0,0.0,7.33,9.9,12.1,2.3,4.37,6.9,0.0,0.0,0.0,0.0,0.0,0.0,0.0,0.0,0.0,0.0,0.0,0.0,85380.11417076095,21421.550237602958,5885.561245311955
2050-08-01,5.0,9.0,9999.0,7.33,9.9,12.1,2.3,4.37,6.9,1.0,0.0,0.0,0.0,0.0,7.33,9.9,12.1,2.3,4.37,6.9,0.0,0.0,0.0,0.0,0.0,0.0,0.0,0.0,0.0,0.0,0.0,0.0,88969.46590722038,24207.783053842264,6738.336103709021
2050-09-01,5.0,9.0,9999.0,7.33,9.9,12.1,2.3,4.37,6.9,1.0,0.0,0.0,0.0,0.0,7.33,9.9,12.1,2.3,4.37,6.9,0.0,0.0,0.0,0.0,0.0,0.0,0.0,0.0,0.0,0.0,0.0,0.0,85591.11235674011,21571.682825286003,5930.324657646672
2050-10-01,5.0,9.0,9999.0,7.33,9.9,12.1,2.3,4.37,6.9,1.0,0.0,0.0,0.0,0.0,7.33,9.9,12.1,2.3,4.37,6.9,0.0,0.0,0.0,0.0,0.0,0.0,0.0,0.0,0.0,0.0,0.0,0.0,83266.41777444971,19988.48950869195,5466.038637183257
2050-11-01,5.0,9.0,9999.0,7.33,9.9,12.1,2.3,4.37,6.9,1.0,0.0,0.0,0.0,0.0,7.33,9.9,12.1,2.3,4.37,6.9,0.0,0.0,0.0,0.0,0.0,0.0,0.0,0.0,0.0,0.0,0.0,0.0,76666.83212448267,16241.92006729086,4428.47396180129
2050-12-01,5.0,9.0,9999.0,7.33,9.9,12.1,2.3,4.37,6.9,1.0,0.0,0.0,0.0,0.0,7.33,9.9,12.1,2.3,4.37,6.9,0.0,0.0,0.0,0.0,0.0,0.0,0.0,0.0,0.0,0.0,0.0,0.0,71549.2595413371,13926.367105194948,3810.6430065731074
2051-01-01,5.0,9.0,9999.0,7.33,9.9,12.1,2.3,4.37,6.9,1.0,0.0,0.0,0.0,0.0,7.33,9.9,12.1,2.3,4.37,6.9,0.0,0.0,0.0,0.0,0.0,0.0,0.0,0.0,0.0,0.0,0.0,0.0,75141.86525589158,15502.244941912986,4229.329603626495
2051-02-01,5.0,9.0,9999.0,7.33,9.9,12.1,2.3,4.37,6.9,1.0,0.0,0.0,0.0,0.0,7.33,9.9,12.1,2.3,4.37,6.9,0.0,0.0,0.0,0.0,0.0,0.0,0.0,0.0,0.0,0.0,0.0,0.0,78013.02113435198,16927.633203910584,4613.942352323395
2051-03-01,5.0,9.0,9999.0,7.33,9.9,12.1,2.3,4.37,6.9,1.0,0.0,0.0,0.0,0.0,7.33,9.9,12.1,2.3,4.37,6.9,0.0,0.0,0.0,0.0,0.0,0.0,0.0,0.0,0.0,0.0,0.0,0.0,77868.54958892142,16852.447772065596,4593.581832349673
2051-04-01,5.0,9.0,9999.0,7.33,9.9,12.1,2.3,4.37,6.9,1.0,0.0,0.0,0.0,0.0,7.33,9.9,12.1,2.3,4.37,6.9,0.0,0.0,0.0,0.0,0.0,0.0,0.0,0.0,0.0,0.0,0.0,0.0,80674.27416902815,18395.953977489116,5015.356915926518
2051-05-01,5.0,9.0,9999.0,7.33,9.9,12.1,2.3,4.37,6.9,1.0,0.0,0.0,0.0,0.0,7.33,9.9,12.1,2.3,4.37,6.9,0.0,0.0,0.0,0.0,0.0,0.0,0.0,0.0,0.0,0.0,0.0,0.0,85043.44043684567,21184.983594025212,5815.340759499578
2051-06-01,5.0,9.0,9999.0,7.33,9.9,12.1,2.3,4.37,6.9,1.0,0.0,0.0,0.0,0.0,7.33,9.9,12.1,2.3,4.37,6.9,0.0,0.0,0.0,0.0,0.0,0.0,0.0,0.0,0.0,0.0,0.0,0.0,87517.15090990574,23017.994411175452,6366.917132730379
2051-07-01,5.0,9.0,9999.0,7.33,9.9,12.1,2.3,4.37,6.9,1.0,0.0,0.0,0.0,0.0,7.33,9.9,12.1,2.3,4.37,6.9,0.0,0.0,0.0,0.0,0.0,0.0,0.0,0.0,0.0,0.0,0.0,0.0,88206.03988508164,23571.932078585516,6537.953109439537
2051-08-01,5.0,9.0,9999.0,7.33,9.9,12.1,2.3,4.37,6.9,1.0,0.0,0.0,0.0,0.0,7.33,9.9,12.1,2.3,4.37,6.9,0.0,0.0,0.0,0.0,0.0,0.0,0.0,0.0,0.0,0.0,0.0,0.0,89702.32499019215,24843.237402625615,6943.7235295557175
2051-09-01,5.0,9.0,9999.0,7.33,9.9,12.1,2.3,4.37,6.9,1.0,0.0,0.0,0.0,0.0,7.33,9.9,12.1,2.3,4.37,6.9,0.0,0.0,0.0,0.0,0.0,0.0,0.0,0.0,0.0,0.0,0.0,0.0,89014.82114099221,24246.265781511738,6750.645566595869
2051-10-01,5.0,9.0,9999.0,7.33,9.9,12.1,2.3,4.37,6.9,1.0,0.0,0.0,0.0,0.0,7.33,9.9,12.1,2.3,4.37,6.9,0.0,0.0,0.0,0.0,0.0,0.0,0.0,0.0,0.0,0.0,0.0,0.0,84831.58929304089,21037.565719576247,5771.794526793829
2051-11-01,5.0,9.0,9999.0,7.33,9.9,12.1,2.3,4.37,6.9,1.0,0.0,0.0,0.0,0.0,7.33,9.9,12.1,2.3,4.37,6.9,0.0,0.0,0.0,0.0,0.0,0.0,0.0,0.0,0.0,0.0,0.0,0.0,81592.36175408721,18939.642772250594,5168.0632284229005
2051-12-01,5.0,9.0,9999.0,7.33,9.9,12.1,2.3,4.37,6.9,1.0,0.0,0.0,0.0,0.0,7.33,9.9,12.1,2.3,4.37,6.9,0.0,0.0,0.0,0.0,0.0,0.0,0.0,0.0,0.0,0.0,0.0,0.0,74903.68205325717,15391.222804291208,4199.578131809339
2052-01-01,5.0,9.0,9999.0,7.33,9.9,12.1,2.3,4.37,6.9,1.0,0.0,0.0,0.0,0.0,7.33,9.9,12.1,2.3,4.37,6.9,0.0,0.0,0.0,0.0,0.0,0.0,0.0,0.0,0.0,0.0,0.0,0.0,76858.77535341501,16337.980345814301,4454.421756557129
2052-02-01,5.0,9.0,9999.0,7.33,9.9,12.1,2.3,4.37,6.9,1.0,0.0,0.0,0.0,0.0,7.33,9.9,12.1,2.3,4.37,6.9,0.0,0.0,0.0,0.0,0.0,0.0,0.0,0.0,0.0,0.0,0.0,0.0,77702.48345275797,16766.578343431258,4570.324569739302
2052-03-01,5.0,9.0,9999.0,7.33,9.9,12.1,2.3,4.37,6.9,1.0,0.0,0.0,0.0,0.0,7.33,9.9,12.1,2.3,4.37,6.9,0.0,0.0,0.0,0.0,0.0,0.0,0.0,0.0,0.0,0.0,0.0,0.0,77462.89070331513,16643.53620772433,4537.074418256483
2052-04-01,5.0,9.0,9999.0,7.33,9.9,12.1,2.3,4.37,6.9,1.0,0.0,0.0,0.0,0.0,7.33,9.9,12.1,2.3,4.37,6.9,0.0,0.0,0.0,0.0,0.0,0.0,0.0,0.0,0.0,0.0,0.0,0.0,77628.13720758959,16728.269901138516,4559.978465728189
2052-05-01,5.0,9.0,9999.0,7.33,9.9,12.1,2.3,4.37,6.9,1.0,0.0,0.0,0.0,0.0,7.33,9.9,12.1,2.3,4.37,6.9,0.0,0.0,0.0,0.0,0.0,0.0,0.0,0.0,0.0,0.0,0.0,0.0,83683.11079209374,20261.165824360996,5544.773943714726
2052-06-01,5.0,9.0,9999.0,7.33,9.9,12.1,2.3,4.37,6.9,1.0,0.0,0.0,0.0,0.0,7.33,9.9,12.1,2.3,4.37,6.9,0.0,0.0,0.0,0.0,0.0,0.0,0.0,0.0,0.0,0.0,0.0,0.0,87767.6019727422,23217.05195043864,6428.230477707072
2052-07-01,5.0,9.0,9999.0,7.33,9.9,12.1,2.3,4.37,6.9,1.0,0.0,0.0,0.0,0.0,7.33,9.9,12.1,2.3,4.37,6.9,0.0,0.0,0.0,0.0,0.0,0.0,0.0,0.0,0.0,0.0,0.0,0.0,86850.44122669876,22500.51339322566,6209.068295961096
2052-08-01,5.0,9.0,9999.0,7.33,9.9,12.1,2.3,4.37,6.9,1.0,0.0,0.0,0.0,0.0,7.33,9.9,12.1,2.3,4.37,6.9,0.0,0.0,0.0,0.0,0.0,0.0,0.0,0.0,0.0,0.0,0.0,0.0,91701.37077225391,26722.85509607849,7567.232350801018
2052-09-01,5.0,9.0,9999.0,7.33,9.9,12.1,2.3,4.37,6.9,1.0,0.0,0.0,0.0,0.0,7.33,9.9,12.1,2.3,4.37,6.9,0.0,0.0,0.0,0.0,0.0,0.0,0.0,0.0,0.0,0.0,0.0,0.0,89250.37406611767,24448.17987622609,6815.657683693686
2052-10-01,5.0,9.0,9999.0,7.33,9.9,12.1,2.3,4.37,6.9,1.0,0.0,0.0,0.0,0.0,7.33,9.9,12.1,2.3,4.37,6.9,0.0,0.0,0.0,0.0,0.0,0.0,0.0,0.0,0.0,0.0,0.0,0.0,85644.58868656408,21609.94223644374,5941.771701946781
2052-11-01,5.0,9.0,9999.0,7.33,9.9,12.1,2.3,4.37,6.9,1.0,0.0,0.0,0.0,0.0,7.33,9.9,12.1,2.3,4.37,6.9,0.0,0.0,0.0,0.0,0.0,0.0,0.0,0.0,0.0,0.0,0.0,0.0,78436.23491626294,17150.705776587456,4674.341259832064
2052-12-01,5.0,9.0,9999.0,7.33,9.9,12.1,2.3,4.37,6.9,1.0,0.0,0.0,0.0,0.0,7.33,9.9,12.1,2.3,4.37,6.9,0.0,0.0,0.0,0.0,0.0,0.0,0.0,0.0,0.0,0.0,0.0,0.0,77688.55766440845,16759.39929910503,4568.38510651051
2053-01-01,5.0,9.0,9999.0,7.33,9.9,12.1,2.3,4.37,6.9,1.0,0.0,0.0,0.0,0.0,7.33,9.9,12.1,2.3,4.37,6.9,0.0,0.0,0.0,0.0,0.0,0.0,0.0,0.0,0.0,0.0,0.0,0.0,74505.31770971756,15207.574075704337,4150.324714759447
2053-02-01,5.0,9.0,9999.0,7.33,9.9,12.1,2.3,4.37,6.9,1.0,0.0,0.0,0.0,0.0,7.33,9.9,12.1,2.3,4.37,6.9,0.0,0.0,0.0,0.0,0.0,0.0,0.0,0.0,0.0,0.0,0.0,0.0,73700.90058391422,14844.33947721643,4053.022365938569
2053-03-01,5.0,9.0,9999.0,7.33,9.9,12.1,2.3,4.37,6.9,1.0,0.0,0.0,0.0,0.0,7.33,9.9,12.1,2.3,4.37,6.9,0.0,0.0,0.0,0.0,0.0,0.0,0.0,0.0,0.0,0.0,0.0,0.0,79131.99100793712,17525.970230491417,4776.169043673723
2053-04-01,5.0,9.0,9999.0,7.33,9.9,12.1,2.3,4.37,6.9,1.0,0.0,0.0,0.0,0.0,7.33,9.9,12.1,2.3,4.37,6.9,0.0,0.0,0.0,0.0,0.0,0.0,0.0,0.0,0.0,0.0,0.0,0.0,80664.60837583906,18390.318587408237,5013.783970629289
2053-05-01,5.0,9.0,9999.0,7.33,9.9,12.1,2.3,4.37,6.9,1.0,0.0,0.0,0.0,0.0,7.33,9.9,12.1,2.3,4.37,6.9,0.0,0.0,0.0,0.0,0.0,0.0,0.0,0.0,0.0,0.0,0.0,0.0,81537.7734019102,18906.67011660785,5158.791067678826
2053-06-01,5.0,9.0,9999.0,7.33,9.9,12.1,2.3,4.37,6.9,1.0,0.0,0.0,0.0,0.0,7.33,9.9,12.1,2.3,4.37,6.9,0.0,0.0,0.0,0.0,0.0,0.0,0.0,0.0,0.0,0.0,0.0,0.0,86594.17411889118,22306.345953017502,6150.646401627828
2053-07-01,5.0,9.0,9999.0,7.33,9.9,12.1,2.3,4.37,6.9,1.0,0.0,0.0,0.0,0.0,7.33,9.9,12.1,2.3,4.37,6.9,0.0,0.0,0.0,0.0,0.0,0.0,0.0,0.0,0.0,0.0,0.0,0.0,89716.9856302615,24856.250082246956,6947.962361487147
2053-08-01,5.0,9.0,9999.0,7.33,9.9,12.1,2.3,4.37,6.9,1.0,0.0,0.0,0.0,0.0,7.33,9.9,12.1,2.3,4.37,6.9,0.0,0.0,0.0,0.0,0.0,0.0,0.0,0.0,0.0,0.0,0.0,0.0,88537.10789106495,23844.88995280292,6623.452417212712
2053-09-01,5.0,9.0,9999.0,7.33,9.9,12.1,2.3,4.37,6.9,1.0,0.0,0.0,0.0,0.0,7.33,9.9,12.1,2.3,4.37,6.9,0.0,0.0,0.0,0.0,0.0,0.0,0.0,0.0,0.0,0.0,0.0,0.0,86288.44516507724,22078.546666392846,6082.38807704438
2053-10-01,5.0,9.0,9999.0,7.33,9.9,12.1,2.3,4.37,6.9,1.0,0.0,0.0,0.0,0.0,7.33,9.9,12.1,2.3,4.37,6.9,0.0,0.0,0.0,0.0,0.0,0.0,0.0,0.0,0.0,0.0,0.0,0.0,82637.33456753881,19585.585561499815,5350.674786560447
2053-11-01,5.0,9.0,9999.0,7.33,9.9,12.1,2.3,4.37,6.9,1.0,0.0,0.0,0.0,0.0,7.33,9.9,12.1,2.3,4.37,6.9,0.0,0.0,0.0,0.0,0.0,0.0,0.0,0.0,0.0,0.0,0.0,0.0,76913.47993149218,16365.41028215987,4461.842921854387
2053-12-01,5.0,9.0,9999.0,7.33,9.9,12.1,2.3,4.37,6.9,1.0,0.0,0.0,0.0,0.0,7.33,9.9,12.1,2.3,4.37,6.9,0.0,0.0,0.0,0.0,0.0,0.0,0.0,0.0,0.0,0.0,0.0,0.0,74049.59569675785,15000.411668496185,4094.6984366512283
2054-01-01,5.0,9.0,9999.0,7.33,9.9,12.1,2.3,4.37,6.9,1.0,0.0,0.0,0.0,0.0,7.33,9.9,12.1,2.3,4.37,6.9,0.0,0.0,0.0,0.0,0.0,0.0,0.0,0.0,0.0,0.0,0.0,0.0,73151.32253413198,14603.54181741795,3988.4920582475193
2054-02-01,5.0,9.0,9999.0,7.33,9.9,12.1,2.3,4.37,6.9,1.0,0.0,0.0,0.0,0.0,7.33,9.9,12.1,2.3,4.37,6.9,0.0,0.0,0.0,0.0,0.0,0.0,0.0,0.0,0.0,0.0,0.0,0.0,71660.79335370967,13972.395712377065,3822.6593418312796
2054-03-01,5.0,9.0,9999.0,7.33,9.9,12.1,2.3,4.37,6.9,1.0,0.0,0.0,0.0,0.0,7.33,9.9,12.1,2.3,4.37,6.9,0.0,0.0,0.0,0.0,0.0,0.0,0.0,0.0,0.0,0.0,0.0,0.0,75582.79334219206,15710.954021552672,4285.464503853181
2054-04-01,5.0,9.0,9999.0,7.33,9.9,12.1,2.3,4.37,6.9,1.0,0.0,0.0,0.0,0.0,7.33,9.9,12.1,2.3,4.37,6.9,0.0,0.0,0.0,0.0,0.0,0.0,0.0,0.0,0.0,0.0,0.0,0.0,78080.02213784851,16962.684676008696,4623.420617884262
2054-05-01,5.0,9.0,9999.0,7.33,9.9,12.1,2.3,4.37,6.9,1.0,0.0,0.0,0.0,0.0,7.33,9.9,12.1,2.3,4.37,6.9,0.0,0.0,0.0,0.0,0.0,0.0,0.0,0.0,0.0,0.0,0.0,0.0,81997.06276971663,19186.36597067809,5237.545407586889
2054-06-01,5.0,9.0,9999.0,7.33,9.9,12.1,2.3,4.37,6.9,1.0,0.0,0.0,0.0,0.0,7.33,9.9,12.1,2.3,4.37,6.9,0.0,0.0,0.0,0.0,0.0,0.0,0.0,0.0,0.0,0.0,0.0,0.0,86383.6953537893,22149.205659605243,6103.547467920546
2054-07-01,5.0,9.0,9999.0,7.33,9.9,12.1,2.3,4.37,6.9,1.0,0.0,0.0,0.0,0.0,7.33,9.9,12.1,2.3,4.37,6.9,0.0,0.0,0.0,0.0,0.0,0.0,0.0,0.0,0.0,0.0,0.0,0.0,85833.54633855258,21745.90951142196,5982.559248658668
2054-08-01,5.0,9.0,9999.0,7.33,9.9,12.1,2.3,4.37,6.9,1.0,0.0,0.0,0.0,0.0,7.33,9.9,12.1,2.3,4.37,6.9,0.0,0.0,0.0,0.0,0.0,0.0,0.0,0.0,0.0,0.0,0.0,0.0,86368.62794052549,22138.010782791534,6100.19765592788
2054-09-01,5.0,9.0,9999.0,7.33,9.9,12.1,2.3,4.37,6.9,1.0,0.0,0.0,0.0,0.0,7.33,9.9,12.1,2.3,4.37,6.9,0.0,0.0,0.0,0.0,0.0,0.0,0.0,0.0,0.0,0.0,0.0,0.0,87745.7169107347,23199.577729628156,6422.843138470407
2054-10-01,5.0,9.0,9999.0,7.33,9.9,12.1,2.3,4.37,6.9,1.0,0.0,0.0,0.0,0.0,7.33,9.9,12.1,2.3,4.37,6.9,0.0,0.0,0.0,0.0,0.0,0.0,0.0,0.0,0.0,0.0,0.0,0.0,80405.59877866921,18240.237099816593,4971.889731641659
2054-11-01,5.0,9.0,9999.0,7.33,9.9,12.1,2.3,4.37,6.9,1.0,0.0,0.0,0.0,0.0,7.33,9.9,12.1,2.3,4.37,6.9,0.0,0.0,0.0,0.0,0.0,0.0,0.0,0.0,0.0,0.0,0.0,0.0,78992.97892434918,17450.249941071404,4755.574392287591
2054-12-01,5.0,9.0,9999.0,7.33,9.9,12.1,2.3,4.37,6.9,1.0,0.0,0.0,0.0,0.0,7.33,9.9,12.1,2.3,4.37,6.9,0.0,0.0,0.0,0.0,0.0,0.0,0.0,0.0,0.0,0.0,0.0,0.0,73601.96110998154,14800.534934036401,4041.291738952496
2055-01-01,5.0,9.0,9999.0,7.33,9.9,12.1,2.3,4.37,6.9,1.0,0.0,0.0,0.0,0.0,7.33,9.9,12.1,2.3,4.37,6.9,0.0,0.0,0.0,0.0,0.0,0.0,0.0,0.0,0.0,0.0,0.0,0.0,70195.62863217256,13383.508360959737,3669.14137839473
2055-02-01,5.0,9.0,9999.0,7.33,9.9,12.1,2.3,4.37,6.9,1.0,0.0,0.0,0.0,0.0,7.33,9.9,12.1,2.3,4.37,6.9,0.0,0.0,0.0,0.0,0.0,0.0,0.0,0.0,0.0,0.0,0.0,0.0,76211.02259012942,16015.900734077019,4367.641899873315
2055-03-01,5.0,9.0,9999.0,7.33,9.9,12.1,2.3,4.37,6.9,1.0,0.0,0.0,0.0,0.0,7.33,9.9,12.1,2.3,4.37,6.9,0.0,0.0,0.0,0.0,0.0,0.0,0.0,0.0,0.0,0.0,0.0,0.0,76535.22671302775,16176.370567312952,4410.817731407136
2055-04-01,5.0,9.0,9999.0,7.33,9.9,12.1,2.3,4.37,6.9,1.0,0.0,0.0,0.0,0.0,7.33,9.9,12.1,2.3,4.37,6.9,0.0,0.0,0.0,0.0,0.0,0.0,0.0,0.0,0.0,0.0,0.0,0.0,79468.48556374395,17711.022583876886,4826.49591264888
2055-05-01,5.0,9.0,9999.0,7.33,9.9,12.1,2.3,4.37,6.9,1.0,0.0,0.0,0.0,0.0,7.33,9.9,12.1,2.3,4.37,6.9,0.0,0.0,0.0,0.0,0.0,0.0,0.0,0.0,0.0,0.0,0.0,0.0,82224.77486342477,19327.339544614908,5277.320104987794
2055-06-01,5.0,9.0,9999.0,7.33,9.9,12.1,2.3,4.37,6.9,1.0,0.0,0.0,0.0,0.0,7.33,9.9,12.1,2.3,4.37,6.9,0.0,0.0,0.0,0.0,0.0,0.0,0.0,0.0,0.0,0.0,0.0,0.0,87116.35244335786,22704.569933146366,6270.990245350495
2055-07-01,5.0,9.0,9999.0,7.33,9.9,12.1,2.3,4.37,6.9,1.0,0.0,0.0,0.0,0.0,7.33,9.9,12.1,2.3,4.37,6.9,0.0,0.0,0.0,0.0,0.0,0.0,0.0,0.0,0.0,0.0,0.0,0.0,87888.4072695798,23313.865098642695,6458.080428026934
2055-08-01,5.0,9.0,9999.0,7.33,9.9,12.1,2.3,4.37,6.9,1.0,0.0,0.0,0.0,0.0,7.33,9.9,12.1,2.3,4.37,6.9,0.0,0.0,0.0,0.0,0.0,0.0,0.0,0.0,0.0,0.0,0.0,0.0,86428.76527888923,22182.746691770928,6113.584794887585
2055-09-01,5.0,9.0,9999.0,7.33,9.9,12.1,2.3,4.37,6.9,1.0,0.0,0.0,0.0,0.0,7.33,9.9,12.1,2.3,4.37,6.9,0.0,0.0,0.0,0.0,0.0,0.0,0.0,0.0,0.0,0.0,0.0,0.0,87084.96762875866,22680.324956953584,6263.600739685022
2055-10-01,5.0,9.0,9999.0,7.33,9.9,12.1,2.3,4.37,6.9,1.0,0.0,0.0,0.0,0.0,7.33,9.9,12.1,2.3,4.37,6.9,0.0,0.0,0.0,0.0,0.0,0.0,0.0,0.0,0.0,0.0,0.0,0.0,85044.50628808889,21185.72796391413,5815.560760070079
2055-11-01,5.0,9.0,9999.0,7.33,9.9,12.1,2.3,4.37,6.9,1.0,0.0,0.0,0.0,0.0,7.33,9.9,12.1,2.3,4.37,6.9,0.0,0.0,0.0,0.0,0.0,0.0,0.0,0.0,0.0,0.0,0.0,0.0,79496.86994836859,17726.774496056794,4830.772987928073
2055-12-01,5.0,9.0,9999.0,7.33,9.9,12.1,2.3,4.37,6.9,1.0,0.0,0.0,0.0,0.0,7.33,9.9,12.1,2.3,4.37,6.9,0.0,0.0,0.0,0.0,0.0,0.0,0.0,0.0,0.0,0.0,0.0,0.0,74581.90969748664,15242.634903854436,4159.753034444442
2056-01-01,5.0,9.0,9999.0,7.33,9.9,12.1,2.3,4.37,6.9,1.0,0.0,0.0,0.0,0.0,7.33,9.9,12.1,2.3,4.37,6.9,0.0,0.0,0.0,0.0,0.0,0.0,0.0,0.0,0.0,0.0,0.0,0.0,75677.45947915743,15756.322754671028,4297.6991714949045
2056-02-01,5.0,9.0,9999.0,7.33,9.9,12.1,2.3,4.37,6.9,1.0,0.0,0.0,0.0,0.0,7.33,9.9,12.1,2.3,4.37,6.9,0.0,0.0,0.0,0.0,0.0,0.0,0.0,0.0,0.0,0.0,0.0,0.0,73490.93235468889,14751.62840847702,4028.1770341535444
2056-03-01,5.0,9.0,9999.0,7.33,9.9,12.1,2.3,4.37,6.9,1.0,0.0,0.0,0.0,0.0,7.33,9.9,12.1,2.3,4.37,6.9,0.0,0.0,0.0,0.0,0.0,0.0,0.0,0.0,0.0,0.0,0.0,0.0,76175.1418132237,15998.22663224331,4362.888379907247
2056-04-01,5.0,9.0,9999.0,7.33,9.9,12.1,2.3,4.37,6.9,1.0,0.0,0.0,0.0,0.0,7.33,9.9,12.1,2.3,4.37,6.9,0.0,0.0,0.0,0.0,0.0,0.0,0.0,0.0,0.0,0.0,0.0,0.0,81292.74613880238,18759.876613508914,5117.437112368469
2056-05-01,5.0,9.0,9999.0,7.33,9.9,12.1,2.3,4.37,6.9,1.0,0.0,0.0,0.0,0.0,7.33,9.9,12.1,2.3,4.37,6.9,0.0,0.0,0.0,0.0,0.0,0.0,0.0,0.0,0.0,0.0,0.0,0.0,83612.6973212513,20214.803780726885,5531.346644462569
2056-06-01,5.0,9.0,9999.0,7.33,9.9,12.1,2.3,4.37,6.9,1.0,0.0,0.0,0.0,0.0,7.33,9.9,12.1,2.3,4.37,6.9,0.0,0.0,0.0,0.0,0.0,0.0,0.0,0.0,0.0,0.0,0.0,0.0,85009.96717497607,21161.61598837265,5808.433247853413
2056-07-01,5.0,9.0,9999.0,7.33,9.9,12.1,2.3,4.37,6.9,1.0,0.0,0.0,0.0,0.0,7.33,9.9,12.1,2.3,4.37,6.9,0.0,0.0,0.0,0.0,0.0,0.0,0.0,0.0,0.0,0.0,0.0,0.0,90620.35977905134,25679.59209617495,7218.628711850753
2056-08-01,5.0,9.0,9999.0,7.33,9.9,12.1,2.3,4.37,6.9,1.0,0.0,0.0,0.0,0.0,7.33,9.9,12.1,2.3,4.37,6.9,0.0,0.0,0.0,0.0,0.0,0.0,0.0,0.0,0.0,0.0,0.0,0.0,90308.29829514831,25390.325361059055,7123.142825454215
2056-09-01,5.0,9.0,9999.0,7.33,9.9,12.1,2.3,4.37,6.9,1.0,0.0,0.0,0.0,0.0,7.33,9.9,12.1,2.3,4.37,6.9,0.0,0.0,0.0,0.0,0.0,0.0,0.0,0.0,0.0,0.0,0.0,0.0,90536.23796989578,25601.045475218696,7192.682672261781
2056-10-01,5.0,9.0,9999.0,7.33,9.9,12.1,2.3,4.37,6.9,1.0,0.0,0.0,0.0,0.0,7.33,9.9,12.1,2.3,4.37,6.9,0.0,0.0,0.0,0.0,0.0,0.0,0.0,0.0,0.0,0.0,0.0,0.0,86727.41692293715,22407.001112787333,6180.868292477733
2056-11-01,5.0,9.0,9999.0,7.33,9.9,12.1,2.3,4.37,6.9,1.0,0.0,0.0,0.0,0.0,7.33,9.9,12.1,2.3,4.37,6.9,0.0,0.0,0.0,0.0,0.0,0.0,0.0,0.0,0.0,0.0,0.0,0.0,77725.26275326671,16778.32279014556,4573.497648238732
2056-12-01,5.0,9.0,9999.0,7.33,9.9,12.1,2.3,4.37,6.9,1.0,0.0,0.0,0.0,0.0,7.33,9.9,12.1,2.3,4.37,6.9,0.0,0.0,0.0,0.0,0.0,0.0,0.0,0.0,0.0,0.0,0.0,0.0,72830.14168585301,14465.117449250683,3951.5625016754716
2057-01-01,5.0,9.0,9999.0,7.33,9.9,12.1,2.3,4.37,6.9,1.0,0.0,0.0,0.0,0.0,7.33,9.9,12.1,2.3,4.37,6.9,0.0,0.0,0.0,0.0,0.0,0.0,0.0,0.0,0.0,0.0,0.0,0.0,74567.79030023949,15236.165119524087,4158.014527961037
2057-02-01,5.0,9.0,9999.0,7.33,9.9,12.1,2.3,4.37,6.9,1.0,0.0,0.0,0.0,0.0,7.33,9.9,12.1,2.3,4.37,6.9,0.0,0.0,0.0,0.0,0.0,0.0,0.0,0.0,0.0,0.0,0.0,0.0,78722.05871609629,17303.705914023732,4715.791247500016
2057-03-01,5.0,9.0,9999.0,7.33,9.9,12.1,2.3,4.37,6.9,1.0,0.0,0.0,0.0,0.0,7.33,9.9,12.1,2.3,4.37,6.9,0.0,0.0,0.0,0.0,0.0,0.0,0.0,0.0,0.0,0.0,0.0,0.0,80633.9207728483,18372.443187955138,5008.793371548805
2057-04-01,5.0,9.0,9999.0,7.33,9.9,12.1,2.3,4.37,6.9,1.0,0.0,0.0,0.0,0.0,7.33,9.9,12.1,2.3,4.37,6.9,0.0,0.0,0.0,0.0,0.0,0.0,0.0,0.0,0.0,0.0,0.0,0.0,81458.79058547667,18859.120497709584,5145.404924512575
2057-05-01,5.0,9.0,9999.0,7.33,9.9,12.1,2.3,4.37,6.9,1.0,0.0,0.0,0.0,0.0,7.33,9.9,12.1,2.3,4.37,6.9,0.0,0.0,0.0,0.0,0.0,0.0,0.0,0.0,0.0,0.0,0.0,0.0,83883.69862718825,20393.952275104948,5583.3276737213655
2057-06-01,5.0,9.0,9999.0,7.33,9.9,12.1,2.3,4.37,6.9,1.0,0.0,0.0,0.0,0.0,7.33,9.9,12.1,2.3,4.37,6.9,0.0,0.0,0.0,0.0,0.0,0.0,0.0,0.0,0.0,0.0,0.0,0.0,86945.22221440656,22572.84948009243,6230.929955500145
2057-07-01,5.0,9.0,9999.0,7.33,9.9,12.1,2.3,4.37,6.9,1.0,0.0,0.0,0.0,0.0,7.33,9.9,12.1,2.3,4.37,6.9,0.0,0.0,0.0,0.0,0.0,0.0,0.0,0.0,0.0,0.0,0.0,0.0,90998.36243783798,26036.720255292676,7336.885381039354
2057-08-01,5.0,9.0,9999.0,7.33,9.9,12.1,2.3,4.37,6.9,1.0,0.0,0.0,0.0,0.0,7.33,9.9,12.1,2.3,4.37,6.9,0.0,0.0,0.0,0.0,0.0,0.0,0.0,0.0,0.0,0.0,0.0,0.0,89485.97122809837,24652.781620246384,6881.922063823939
2057-09-01,5.0,9.0,9999.0,7.33,9.9,12.1,2.3,4.37,6.9,1.0,0.0,0.0,0.0,0.0,7.33,9.9,12.1,2.3,4.37,6.9,0.0,0.0,0.0,0.0,0.0,0.0,0.0,0.0,0.0,0.0,0.0,0.0,87925.39089400618,23343.681850290646,6467.268247415333
2057-10-01,5.0,9.0,9999.0,7.33,9.9,12.1,2.3,4.37,6.9,1.0,0.0,0.0,0.0,0.0,7.33,9.9,12.1,2.3,4.37,6.9,0.0,0.0,0.0,0.0,0.0,0.0,0.0,0.0,0.0,0.0,0.0,0.0,86162.90063776156,21985.897188203984,6054.623599620128
2057-11-01,5.0,9.0,9999.0,7.33,9.9,12.1,2.3,4.37,6.9,1.0,0.0,0.0,0.0,0.0,7.33,9.9,12.1,2.3,4.37,6.9,0.0,0.0,0.0,0.0,0.0,0.0,0.0,0.0,0.0,0.0,0.0,0.0,81718.63574681175,19016.20857338885,5189.569831972764
2057-12-01,5.0,9.0,9999.0,7.33,9.9,12.1,2.3,4.37,6.9,1.0,0.0,0.0,0.0,0.0,7.33,9.9,12.1,2.3,4.37,6.9,0.0,0.0,0.0,0.0,0.0,0.0,0.0,0.0,0.0,0.0,0.0,0.0,74528.95292136846,15218.388889750395,4153.23338021054
2058-01-01,5.0,9.0,9999.0,7.33,9.9,12.1,2.3,4.37,6.9,1.0,0.0,0.0,0.0,0.0,7.33,9.9,12.1,2.3,4.37,6.9,0.0,0.0,0.0,0.0,0.0,0.0,0.0,0.0,0.0,0.0,0.0,0.0,74645.79073607187,15271.969166438776,4167.623806827955
2058-02-01,5.0,9.0,9999.0,7.33,9.9,12.1,2.3,4.37,6.9,1.0,0.0,0.0,0.0,0.0,7.33,9.9,12.1,2.3,4.37,6.9,0.0,0.0,0.0,0.0,0.0,0.0,0.0,0.0,0.0,0.0,0.0,0.0,78692.71139104474,17287.915043063702,4711.5069235583505
2058-03-01,5.0,9.0,9999.0,7.33,9.9,12.1,2.3,4.37,6.9,1.0,0.0,0.0,0.0,0.0,7.33,9.9,12.1,2.3,4.37,6.9,0.0,0.0,0.0,0.0,0.0,0.0,0.0,0.0,0.0,0.0,0.0,0.0,75608.75858459406,15723.376835340958,4288.8166528969805
2058-04-01,5.0,9.0,9999.0,7.33,9.9,12.1,2.3,4.37,6.9,1.0,0.0,0.0,0.0,0.0,7.33,9.9,12.1,2.3,4.37,6.9,0.0,0.0,0.0,0.0,0.0,0.0,0.0,0.0,0.0,0.0,0.0,0.0,81482.0615446851,18873.104866399175,5149.344261565509
2058-05-01,5.0,9.0,9999.0,7.33,9.9,12.1,2.3,4.37,6.9,1.0,0.0,0.0,0.0,0.0,7.33,9.9,12.1,2.3,4.37,6.9,0.0,0.0,0.0,0.0,0.0,0.0,0.0,0.0,0.0,0.0,0.0,0.0,81155.84096477093,18678.562515191647,5094.550776627223
2058-06-01,5.0,9.0,9999.0,7.33,9.9,12.1,2.3,4.37,6.9,1.0,0.0,0.0,0.0,0.0,7.33,9.9,12.1,2.3,4.37,6.9,0.0,0.0,0.0,0.0,0.0,0.0,0.0,0.0,0.0,0.0,0.0,0.0,87925.44166715094,23343.722814591987,6467.280882216984
2058-07-01,5.0,9.0,9999.0,7.33,9.9,12.1,2.3,4.37,6.9,1.0,0.0,0.0,0.0,0.0,7.33,9.9,12.1,2.3,4.37,6.9,0.0,0.0,0.0,0.0,0.0,0.0,0.0,0.0,0.0,0.0,0.0,0.0,90125.78715404894,25223.650020549347,7068.165087922327
2058-08-01,5.0,9.0,9999.0,7.33,9.9,12.1,2.3,4.37,6.9,1.0,0.0,0.0,0.0,0.0,7.33,9.9,12.1,2.3,4.37,6.9,0.0,0.0,0.0,0.0,0.0,0.0,0.0,0.0,0.0,0.0,0.0,0.0,90453.62652250586,25524.372214472685,7167.373027006529
2058-09-01,5.0,9.0,9999.0,7.33,9.9,12.1,2.3,4.37,6.9,1.0,0.0,0.0,0.0,0.0,7.33,9.9,12.1,2.3,4.37,6.9,0.0,0.0,0.0,0.0,0.0,0.0,0.0,0.0,0.0,0.0,0.0,0.0,87421.56667060395,22942.655456066652,6343.777609886798
2058-10-01,5.0,9.0,9999.0,7.33,9.9,12.1,2.3,4.37,6.9,1.0,0.0,0.0,0.0,0.0,7.33,9.9,12.1,2.3,4.37,6.9,0.0,0.0,0.0,0.0,0.0,0.0,0.0,0.0,0.0,0.0,0.0,0.0,82561.1350351239,19537.586043385618,5336.987049622069
2058-11-01,5.0,9.0,9999.0,7.33,9.9,12.1,2.3,4.37,6.9,1.0,293280.32759606716,101442.774,394723.1015960672,0.0,7.33,9.9,12.1,6.059732286279127,11.513491343930342,18.179196858837383,0.0,0.0,0.0,3.7597322862791276,7.143491343930342,11.279196858837382,0.0,0.0,0.0,0.0,0.0,0.0,73064.8929480637,14159.839183355665,3791.3725146788765
2058-12-01,5.0,9.0,9999.0,7.33,9.9,12.1,2.3,4.37,6.9,1.0,293280.32759606716,101442.774,394723.1015960672,0.0,7.33,9.9,12.1,6.059732286279127,11.513491343930342,18.179196858837383,0.0,0.0,0.0,3.7597322862791276,7.143491343930342,11.279196858837382,0.0,0.0,0.0,0.0,0.0,0.0,71408.5815011145,13491.238024666822,3623.300460102053
2059-01-01,5.0,9.0,9999.0,7.33,9.9,12.1,2.3,4.37,6.9,1.0,293280.32759606716,101442.774,394723.1015960672,0.0,7.33,9.9,12.1,6.059732286279127,11.513491343930342,18.179196858837383,0.0,0.0,0.0,3.7597322862791276,7.143491343930342,11.279196858837382,0.0,0.0,0.0,0.0,0.0,0.0,72087.30241589084,13760.414114602348,3690.8416053405767
2059-02-01,5.0,9.0,9999.0,7.33,9.9,12.1,2.3,4.37,6.9,1.0,293280.32759606716,101442.774,394723.1015960672,0.0,7.33,9.9,12.1,6.059732286279127,11.513491343930342,18.179196858837383,0.0,0.0,0.0,3.7597322862791276,7.143491343930342,11.279196858837382,0.0,0.0,0.0,0.0,0.0,0.0,71080.71005856572,13363.6318834093,3591.405792865812
2059-03-01,5.0,9.0,9999.0,7.33,9.9,12.1,2.3,4.37,6.9,1.0,293280.32759606716,101442.774,394723.1015960672,0.0,7.33,9.9,12.1,6.059732286279127,11.513491343930342,18.179196858837383,0.0,0.0,0.0,3.7597322862791276,7.143491343930342,11.279196858837382,0.0,0.0,0.0,0.0,0.0,0.0,72940.95496727312,14108.432818717178,3778.4065268739655
2059-04-01,5.0,9.0,9999.0,7.33,9.9,12.1,2.3,4.37,6.9,1.0,293280.32759606716,101442.774,394723.1015960672,0.0,7.33,9.9,12.1,6.059732286279127,11.513491343930342,18.179196858837383,0.0,0.0,0.0,3.7597322862791276,7.143491343930342,11.279196858837382,0.0,0.0,0.0,0.0,0.0,0.0,75463.1421541666,15199.571183362606,4056.3083139826995
2059-05-01,5.0,9.0,9999.0,7.33,9.9,12.1,2.3,4.37,6.9,1.0,293280.32759606716,101442.774,394723.1015960672,0.0,7.33,9.9,12.1,6.059732286279127,11.513491343930342,18.179196858837383,0.0,0.0,0.0,3.7597322862791276,7.143491343930342,11.279196858837382,0.0,0.0,0.0,0.0,0.0,0.0,81382.9369212226,18222.955807211718,4844.542343782184
2059-06-01,5.0,9.0,9999.0,7.33,9.9,12.1,2.3,4.37,6.9,1.0,293280.32759606716,101442.774,394723.1015960672,0.0,7.33,9.9,12.1,6.059732286279127,11.513491343930342,18.179196858837383,0.0,0.0,0.0,3.7597322862791276,7.143491343930342,11.279196858837382,0.0,0.0,0.0,0.0,0.0,0.0,85195.60967160927,20602.996021375428,5492.952342314697
2059-07-01,5.0,9.0,9999.0,7.33,9.9,12.1,2.3,4.37,6.9,1.0,293280.32759606716,101442.774,394723.1015960672,0.0,7.33,9.9,12.1,6.059732286279127,11.513491343930342,18.179196858837383,0.0,0.0,0.0,3.7597322862791276,7.143491343930342,11.279196858837382,0.0,0.0,0.0,0.0,0.0,0.0,86599.85875922139,21584.200114223404,5770.8260732416875
2059-08-01,5.0,9.0,9999.0,7.33,9.9,12.1,2.3,4.37,6.9,1.0,293280.32759606716,101442.774,394723.1015960672,0.0,7.33,9.9,12.1,6.059732286279127,11.513491343930342,18.179196858837383,0.0,0.0,0.0,3.7597322862791276,7.143491343930342,11.279196858837382,0.0,0.0,0.0,0.0,0.0,0.0,86312.5619272924,21378.586728630104,5711.892931751396
2059-09-01,5.0,9.0,9999.0,7.33,9.9,12.1,2.3,4.37,6.9,1.0,293280.32759606716,101442.774,394723.1015960672,0.0,7.33,9.9,12.1,6.059732286279127,11.513491343930342,18.179196858837383,0.0,0.0,0.0,3.7597322862791276,7.143491343930342,11.279196858837382,0.0,0.0,0.0,0.0,0.0,0.0,84905.0092786895,20407.668621238332,5438.266492130687
2059-10-01,5.0,9.0,9999.0,7.33,9.9,12.1,2.3,4.37,6.9,1.0,293280.32759606716,101442.774,394723.1015960672,0.0,7.33,9.9,12.1,6.059732286279127,11.513491343930342,18.179196858837383,0.0,0.0,0.0,3.7597322862791276,7.143491343930342,11.279196858837382,0.0,0.0,0.0,0.0,0.0,0.0,80570.30214882795,17764.825974298823,4724.282895747513
2059-11-01,5.0,9.0,9999.0,7.33,9.9,12.1,2.3,4.37,6.9,1.0,493034.25150992395,239628.6,732662.8515099239,0.0,7.33,9.9,12.1,9.819766177161462,18.657555736606778,29.459298531484386,0.0,0.0,0.0,3.7597322862791276,7.143491343930342,11.279196858837382,0.0,0.0,0.0,7.519766177161462,14.287555736606777,22.559298531484387,71667.06626496522,13389.819722999127,3563.0095676963074
2059-12-01,5.0,9.0,9999.0,7.33,9.9,12.1,2.3,4.37,6.9,1.0,493034.25150992395,239628.6,732662.8515099239,0.0,7.33,9.9,12.1,9.819766177161462,18.657555736606778,29.459298531484386,0.0,0.0,0.0,3.7597322862791276,7.143491343930342,11.279196858837382,0.0,0.0,0.0,7.519766177161462,14.287555736606777,22.559298531484387,68341.0368167435,12169.610644711816,3271.016710712555
2060-01-01,5.0,9.0,9999.0,7.33,9.9,12.1,2.3,4.37,6.9,1.0,493034.25150992395,239628.6,732662.8515099239,0.0,7.33,9.9,12.1,9.819766177161462,18.657555736606778,29.459298531484386,0.0,0.0,0.0,3.7597322862791276,7.143491343930342,11.279196858837382,0.0,0.0,0.0,7.519766177161462,14.287555736606777,22.559298531484387,66335.95669885594,11491.306224209111,3109.0861347882587
2060-02-01,5.0,9.0,9999.0,7.33,9.9,12.1,2.3,4.37,6.9,1.0,493034.25150992395,239628.6,732662.8515099239,0.0,7.33,9.9,12.1,9.819766177161462,18.657555736606778,29.459298531484386,0.0,0.0,0.0,3.7597322862791276,7.143491343930342,11.279196858837382,0.0,0.0,0.0,7.519766177161462,14.287555736606777,22.559298531484387,67333.30041000775,11823.550285507523,3188.6269824175815
2060-03-01,5.0,9.0,9999.0,7.33,9.9,12.1,2.3,4.37,6.9,1.0,493034.25150992395,239628.6,732662.8515099239,0.0,7.33,9.9,12.1,9.819766177161462,18.657555736606778,29.459298531484386,0.0,0.0,0.0,3.7597322862791276,7.143491343930342,11.279196858837382,0.0,0.0,0.0,7.519766177161462,14.287555736606777,22.559298531484387,70876.1761320443,13087.682932415533,3489.0361048760096
2060-04-01,5.0,9.0,9999.0,7.33,9.9,12.1,2.3,4.37,6.9,1.0,493034.25150992395,239628.6,732662.8515099239,0.0,7.33,9.9,12.1,9.819766177161462,18.657555736606778,29.459298531484386,0.0,0.0,0.0,3.7597322862791276,7.143491343930342,11.279196858837382,0.0,0.0,0.0,7.519766177161462,14.287555736606777,22.559298531484387,74726.88967988559,14636.411060715744,3871.4085484249736
2060-05-01,5.0,9.0,9999.0,7.33,9.9,12.1,2.3,4.37,6.9,1.0,493034.25150992395,239628.6,732662.8515099239,0.0,7.33,9.9,12.1,9.819766177161462,18.657555736606778,29.459298531484386,0.0,0.0,0.0,3.7597322862791276,7.143491343930342,11.279196858837382,0.0,0.0,0.0,7.519766177161462,14.287555736606777,22.559298531484387,75301.53708019182,14885.993667782017,3933.519919024601
2060-06-01,5.0,9.0,9999.0,7.33,9.9,12.1,2.3,4.37,6.9,1.0,493034.25150992395,239628.6,732662.8515099239,0.0,7.33,9.9,12.1,9.819766177161462,18.657555736606778,29.459298531484386,0.0,0.0,0.0,3.7597322862791276,7.143491343930342,11.279196858837382,0.0,0.0,0.0,7.519766177161462,14.287555736606777,22.559298531484387,81123.71506323888,17764.288661163762,4668.179590512857
2060-07-01,5.0,9.0,9999.0,7.33,9.9,12.1,2.3,4.37,6.9,1.0,493034.25150992395,239628.6,732662.8515099239,0.0,7.33,9.9,12.1,9.819766177161462,18.657555736606778,29.459298531484386,0.0,0.0,0.0,3.7597322862791276,7.143491343930342,11.279196858837382,0.0,0.0,0.0,7.519766177161462,14.287555736606777,22.559298531484387,84179.73640492457,19576.467241434417,5143.331987569188
2060-08-01,5.0,9.0,9999.0,7.33,9.9,12.1,2.3,4.37,6.9,1.0,493034.25150992395,239628.6,732662.8515099239,0.0,7.33,9.9,12.1,9.819766177161462,18.657555736606778,29.459298531484386,0.0,0.0,0.0,3.7597322862791276,7.143491343930342,11.279196858837382,0.0,0.0,0.0,7.519766177161462,14.287555736606777,22.559298531484387,83467.2372910566,19132.222801154807,5024.542891392213
2060-09-01,5.0,9.0,9999.0,7.33,9.9,12.1,2.3,4.37,6.9,1.0,493034.25150992395,239628.6,732662.8515099239,0.0,7.33,9.9,12.1,9.819766177161462,18.657555736606778,29.459298531484386,0.0,0.0,0.0,3.7597322862791276,7.143491343930342,11.279196858837382,0.0,0.0,0.0,7.519766177161462,14.287555736606777,22.559298531484387,80958.3179450138,17673.017989656044,4644.735544782027
2060-10-01,5.0,9.0,9999.0,7.33,9.9,12.1,2.3,4.37,6.9,1.0,493034.25150992395,239628.6,732662.8515099239,0.0,7.33,9.9,12.1,9.819766177161462,18.657555736606778,29.459298531484386,0.0,0.0,0.0,3.7597322862791276,7.143491343930342,11.279196858837382,0.0,0.0,0.0,7.519766177161462,14.287555736606777,22.559298531484387,79725.66883595582,17012.57255910763,4475.431557841509
2060-11-01,5.0,9.0,9999.0,7.33,9.9,12.1,2.3,4.37,6.9,1.0,493034.25150992395,239628.6,732662.8515099239,0.0,7.33,9.9,12.1,9.819766177161462,18.657555736606778,29.459298531484386,0.0,0.0,0.0,3.7597322862791276,7.143491343930342,11.279196858837382,0.0,0.0,0.0,7.519766177161462,14.287555736606777,22.559298531484387,72219.79347974237,13605.417986448289,3616.005569483132
2060-12-01,5.0,9.0,9999.0,7.33,9.9,12.1,2.3,4.37,6.9,1.0,493034.25150992395,239628.6,732662.8515099239,0.0,7.33,9.9,12.1,9.819766177161462,18.657555736606778,29.459298531484386,0.0,0.0,0.0,3.7597322862791276,7.143491343930342,11.279196858837382,0.0,0.0,0.0,7.519766177161462,14.287555736606777,22.559298531484387,67520.81194429644,11887.089964444058,3203.7602594943173
2061-01-01,5.0,9.0,9999.0,7.33,9.9,12.1,2.3,4.37,6.9,1.0,493034.25150992395,239628.6,732662.8515099239,0.0,7.33,9.9,12.1,9.819766177161462,18.657555736606778,29.459298531484386,0.0,0.0,0.0,3.7597322862791276,7.143491343930342,11.279196858837382,0.0,0.0,0.0,7.519766177161462,14.287555736606777,22.559298531484387,68537.99384058043,12238.402267636748,3287.328461507424
2061-02-01,5.0,9.0,9999.0,7.33,9.9,12.1,2.3,4.37,6.9,1.0,493034.25150992395,239628.6,732662.8515099239,0.0,7.33,9.9,12.1,9.819766177161462,18.657555736606778,29.459298531484386,0.0,0.0,0.0,3.7597322862791276,7.143491343930342,11.279196858837382,0.0,0.0,0.0,7.519766177161462,14.287555736606777,22.559298531484387,69761.64928487652,12674.87904697827,3390.7016067180043
2061-03-01,5.0,9.0,9999.0,7.33,9.9,12.1,2.3,4.37,6.9,1.0,493034.25150992395,239628.6,732662.8515099239,0.0,7.33,9.9,12.1,9.819766177161462,18.657555736606778,29.459298531484386,0.0,0.0,0.0,3.7597322862791276,7.143491343930342,11.279196858837382,0.0,0.0,0.0,7.519766177161462,14.287555736606777,22.559298531484387,72643.3750335252,13773.245280989291,3657.335784291033
2061-04-01,5.0,9.0,9999.0,7.33,9.9,12.1,2.3,4.37,6.9,1.0,493034.25150992395,239628.6,732662.8515099239,0.0,7.33,9.9,12.1,9.819766177161462,18.657555736606778,29.459298531484386,0.0,0.0,0.0,3.7597322862791276,7.143491343930342,11.279196858837382,0.0,0.0,0.0,7.519766177161462,14.287555736606777,22.559298531484387,75394.71524613713,14927.209874499245,3943.7971564188006
2061-05-01,5.0,9.0,9999.0,7.33,9.9,12.1,2.3,4.37,6.9,1.0,493034.25150992395,239628.6,732662.8515099239,0.0,7.33,9.9,12.1,9.819766177161462,18.657555736606778,29.459298531484386,0.0,0.0,0.0,3.7597322862791276,7.143491343930342,11.279196858837382,0.0,0.0,0.0,7.519766177161462,14.287555736606777,22.559298531484387,79157.58352245657,16719.858706631818,4400.059198030561
2061-06-01,5.0,9.0,9999.0,7.33,9.9,12.1,2.3,4.37,6.9,1.0,493034.25150992395,239628.6,732662.8515099239,0.0,7.33,9.9,12.1,9.819766177161462,18.657555736606778,29.459298531484386,0.0,0.0,0.0,3.7597322862791276,7.143491343930342,11.279196858837382,0.0,0.0,0.0,7.519766177161462,14.287555736606777,22.559298531484387,82083.02072629433,18307.772968430683,4808.265468281076
2061-07-01,5.0,9.0,9999.0,7.33,9.9,12.1,2.3,4.37,6.9,1.0,493034.25150992395,239628.6,732662.8515099239,0.0,7.33,9.9,12.1,9.819766177161462,18.657555736606778,29.459298531484386,0.0,0.0,0.0,3.7597322862791276,7.143491343930342,11.279196858837382,0.0,0.0,0.0,7.519766177161462,14.287555736606777,22.559298531484387,82014.98898538244,18268.36327093268,4798.106125517976
2061-08-01,5.0,9.0,9999.0,7.33,9.9,12.1,2.3,4.37,6.9,1.0,493034.25150992395,239628.6,732662.8515099239,0.0,7.33,9.9,12.1,9.819766177161462,18.657555736606778,29.459298531484386,0.0,0.0,0.0,3.7597322862791276,7.143491343930342,11.279196858837382,0.0,0.0,0.0,7.519766177161462,14.287555736606777,22.559298531484387,82387.77819456864,18485.757960338302,4854.1554673032515
2061-09-01,5.0,9.0,9999.0,7.33,9.9,12.1,2.3,4.37,6.9,1.0,493034.25150992395,239628.6,732662.8515099239,0.0,7.33,9.9,12.1,9.819766177161462,18.657555736606778,29.459298531484386,0.0,0.0,0.0,3.7597322862791276,7.143491343930342,11.279196858837382,0.0,0.0,0.0,7.519766177161462,14.287555736606777,22.559298531484387,84074.8548293727,19510.214895244713,5125.56064650791
2061-10-01,5.0,9.0,9999.0,7.33,9.9,12.1,2.3,4.37,6.9,1.0,493034.25150992395,239628.6,732662.8515099239,0.0,7.33,9.9,12.1,9.819766177161462,18.657555736606778,29.459298531484386,0.0,0.0,0.0,3.7597322862791276,7.143491343930342,11.279196858837382,0.0,0.0,0.0,7.519766177161462,14.287555736606777,22.559298531484387,75578.21282022995,15008.831141835257,3964.213224813735
2061-11-01,5.0,9.0,9999.0,7.33,9.9,12.1,2.3,4.37,6.9,1.0,493034.25150992395,239628.6,732662.8515099239,0.0,7.33,9.9,12.1,9.819766177161462,18.657555736606778,29.459298531484386,0.0,0.0,0.0,3.7597322862791276,7.143491343930342,11.279196858837382,0.0,0.0,0.0,7.519766177161462,14.287555736606777,22.559298531484387,71586.92891116264,13358.860266089283,3555.404683059965
2061-12-01,5.0,9.0,9999.0,7.33,9.9,12.1,2.3,4.37,6.9,1.0,493034.25150992395,239628.6,732662.8515099239,0.0,7.33,9.9,12.1,9.819766177161462,18.657555736606778,29.459298531484386,0.0,0.0,0.0,3.7597322862791276,7.143491343930342,11.279196858837382,0.0,0.0,0.0,7.519766177161462,14.287555736606777,22.559298531484387,68007.38555887916,12053.801615121003,3243.5060164457545
2062-01-01,5.0,9.0,9999.0,7.33,9.9,12.1,2.3,4.37,6.9,1.0,493034.25150992395,239628.6,732662.8515099239,0.0,7.33,9.9,12.1,9.819766177161462,18.657555736606778,29.459298531484386,0.0,0.0,0.0,3.7597322862791276,7.143491343930342,11.279196858837382,0.0,0.0,0.0,7.519766177161462,14.287555736606777,22.559298531484387,66059.29250909925,11400.278763736853,3087.449147989509
2062-02-01,5.0,9.0,9999.0,7.33,9.9,12.1,2.3,4.37,6.9,1.0,493034.25150992395,239628.6,732662.8515099239,0.0,7.33,9.9,12.1,9.819766177161462,18.657555736606778,29.459298531484386,0.0,0.0,0.0,3.7597322862791276,7.143491343930342,11.279196858837382,0.0,0.0,0.0,7.519766177161462,14.287555736606777,22.559298531484387,70993.62146412283,13132.08121643913,3499.8140984218667
2062-03-01,5.0,9.0,9999.0,7.33,9.9,12.1,2.3,4.37,6.9,1.0,493034.25150992395,239628.6,732662.8515099239,0.0,7.33,9.9,12.1,9.819766177161462,18.657555736606778,29.459298531484386,0.0,0.0,0.0,3.7597322862791276,7.143491343930342,11.279196858837382,0.0,0.0,0.0,7.519766177161462,14.287555736606777,22.559298531484387,67604.3489256168,11915.521716141142,3210.525581199602
2062-04-01,5.0,9.0,9999.0,7.33,9.9,12.1,2.3,4.37,6.9,1.0,493034.25150992395,239628.6,732662.8515099239,0.0,7.33,9.9,12.1,9.819766177161462,18.657555736606778,29.459298531484386,0.0,0.0,0.0,3.7597322862791276,7.143491343930342,11.279196858837382,0.0,0.0,0.0,7.519766177161462,14.287555736606777,22.559298531484387,73914.22045167538,14292.933810876819,3785.890991965279
2062-05-01,5.0,9.0,9999.0,7.33,9.9,12.1,2.3,4.37,6.9,1.0,493034.25150992395,239628.6,732662.8515099239,0.0,7.33,9.9,12.1,9.819766177161462,18.657555736606778,29.459298531484386,0.0,0.0,0.0,3.7597322862791276,7.143491343930342,11.279196858837382,0.0,0.0,0.0,7.519766177161462,14.287555736606777,22.559298531484387,75704.04830703471,15065.089640247561,3978.4029191479103
2062-06-01,5.0,9.0,9999.0,7.33,9.9,12.1,2.3,4.37,6.9,1.0,493034.25150992395,239628.6,732662.8515099239,0.0,7.33,9.9,12.1,9.819766177161462,18.657555736606778,29.459298531484386,0.0,0.0,0.0,3.7597322862791276,7.143491343930342,11.279196858837382,0.0,0.0,0.0,7.519766177161462,14.287555736606777,22.559298531484387,78197.50279800013,16238.857046024646,4276.354294476676
2062-07-01,5.0,9.0,9999.0,7.33,9.9,12.1,2.3,4.37,6.9,1.0,493034.25150992395,239628.6,732662.8515099239,0.0,7.33,9.9,12.1,9.819766177161462,18.657555736606778,29.459298531484386,0.0,0.0,0.0,3.7597322862791276,7.143491343930342,11.279196858837382,0.0,0.0,0.0,7.519766177161462,14.287555736606777,22.559298531484387,82519.19472835798,18562.995445359138,4874.237110877604
2062-08-01,5.0,9.0,9999.0,7.33,9.9,12.1,2.3,4.37,6.9,1.0,493034.25150992395,239628.6,732662.8515099239,0.0,7.33,9.9,12.1,9.819766177161462,18.657555736606778,29.459298531484386,0.0,0.0,0.0,3.7597322862791276,7.143491343930342,11.279196858837382,0.0,0.0,0.0,7.519766177161462,14.287555736606777,22.559298531484387,79314.40401651745,16799.910722712448,4420.676189284445
2062-09-01,5.0,9.0,9999.0,7.33,9.9,12.1,2.3,4.37,6.9,1.0,493034.25150992395,239628.6,732662.8515099239,0.0,7.33,9.9,12.1,9.819766177161462,18.657555736606778,29.459298531484386,0.0,0.0,0.0,3.7597322862791276,7.143491343930342,11.279196858837382,0.0,0.0,0.0,7.519766177161462,14.287555736606777,22.559298531484387,79057.49511457972,16668.95501850739,4386.966705020455
2062-10-01,5.0,9.0,9999.0,7.33,9.9,12.1,2.3,4.37,6.9,1.0,493034.25150992395,239628.6,732662.8515099239,0.0,7.33,9.9,12.1,9.819766177161462,18.657555736606778,29.459298531484386,0.0,0.0,0.0,3.7597322862791276,7.143491343930342,11.279196858837382,0.0,0.0,0.0,7.519766177161462,14.287555736606777,22.559298531484387,76815.75659619922,15573.998775604048,4107.441163370955
2062-11-01,5.0,9.0,9999.0,7.33,9.9,12.1,2.3,4.37,6.9,1.0,493034.25150992395,239628.6,732662.8515099239,0.0,7.33,9.9,12.1,9.819766177161462,18.657555736606778,29.459298531484386,0.0,0.0,0.0,3.7597322862791276,7.143491343930342,11.279196858837382,0.0,0.0,0.0,7.519766177161462,14.287555736606777,22.559298531484387,71519.58269220756,13332.87808510696,3549.0211892925613
2062-12-01,5.0,9.0,9999.0,7.33,9.9,12.1,2.3,4.37,6.9,1.0,493034.25150992395,239628.6,732662.8515099239,0.0,7.33,9.9,12.1,9.819766177161462,18.657555736606778,29.459298531484386,0.0,0.0,0.0,3.7597322862791276,7.143491343930342,11.279196858837382,0.0,0.0,0.0,7.519766177161462,14.287555736606777,22.559298531484387,70732.59234973682,13033.582234672363,3475.9891950480614
2063-01-01,5.0,9.0,9999.0,7.33,9.9,12.1,2.3,4.37,6.9,1.0,493034.25150992395,239628.6,732662.8515099239,0.0,7.33,9.9,12.1,9.819766177161462,18.657555736606778,29.459298531484386,0.0,0.0,0.0,3.7597322862791276,7.143491343930342,11.279196858837382,0.0,0.0,0.0,7.519766177161462,14.287555736606777,22.559298531484387,66929.96333925106,11688.050471492603,3156.243362964938
2063-02-01,5.0,9.0,9999.0,7.33,9.9,12.1,2.3,4.37,6.9,1.0,493034.25150992395,239628.6,732662.8515099239,0.0,7.33,9.9,12.1,9.819766177161462,18.657555736606778,29.459298531484386,0.0,0.0,0.0,3.7597322862791276,7.143491343930342,11.279196858837382,0.0,0.0,0.0,7.519766177161462,14.287555736606777,22.559298531484387,70926.45220456371,13106.673762684195,3493.638037606645
2063-03-01,5.0,9.0,9999.0,7.33,9.9,12.1,2.3,4.37,6.9,1.0,493034.25150992395,239628.6,732662.8515099239,0.0,7.33,9.9,12.1,9.819766177161462,18.657555736606778,29.459298531484386,0.0,0.0,0.0,3.7597322862791276,7.143491343930342,11.279196858837382,0.0,0.0,0.0,7.519766177161462,14.287555736606777,22.559298531484387,71451.89735325583,13306.831670365122,3542.621359446863
2063-04-01,5.0,9.0,9999.0,7.33,9.9,12.1,2.3,4.37,6.9,1.0,493034.25150992395,239628.6,732662.8515099239,0.0,7.33,9.9,12.1,9.819766177161462,18.657555736606778,29.459298531484386,0.0,0.0,0.0,3.7597322862791276,7.143491343930342,11.279196858837382,0.0,0.0,0.0,7.519766177161462,14.287555736606777,22.559298531484387,71909.58295804098,13483.912416541905,3586.1328518206924
2063-05-01,5.0,9.0,9999.0,7.33,9.9,12.1,2.3,4.37,6.9,1.0,493034.25150992395,239628.6,732662.8515099239,0.0,7.33,9.9,12.1,9.819766177161462,18.657555736606778,29.459298531484386,0.0,0.0,0.0,3.7597322862791276,7.143491343930342,11.279196858837382,0.0,0.0,0.0,7.519766177161462,14.287555736606777,22.559298531484387,76989.33328988469,15655.359197595848,4128.211710937927
2063-06-01,5.0,9.0,9999.0,7.33,9.9,12.1,2.3,4.37,6.9,1.0,493034.25150992395,239628.6,732662.8515099239,0.0,7.33,9.9,12.1,9.819766177161462,18.657555736606778,29.459298531484386,0.0,0.0,0.0,3.7597322862791276,7.143491343930342,11.279196858837382,0.0,0.0,0.0,7.519766177161462,14.287555736606777,22.559298531484387,79195.52705341596,16739.20351001873,4405.036811020239
2063-07-01,5.0,9.0,9999.0,7.33,9.9,12.1,2.3,4.37,6.9,1.0,493034.25150992395,239628.6,732662.8515099239,0.0,7.33,9.9,12.1,9.819766177161462,18.657555736606778,29.459298531484386,0.0,0.0,0.0,3.7597322862791276,7.143491343930342,11.279196858837382,0.0,0.0,0.0,7.519766177161462,14.287555736606777,22.559298531484387,81026.38300787723,17710.489500036678,4654.351713356622
2063-08-01,5.0,9.0,9999.0,7.33,9.9,12.1,2.3,4.37,6.9,1.0,493034.25150992395,239628.6,732662.8515099239,0.0,7.33,9.9,12.1,9.819766177161462,18.657555736606778,29.459298531484386,0.0,0.0,0.0,3.7597322862791276,7.143491343930342,11.279196858837382,0.0,0.0,0.0,7.519766177161462,14.287555736606777,22.559298531484387,81891.2291640449,18197.133136939425,4779.712372579889
2063-09-01,5.0,9.0,9999.0,7.33,9.9,12.1,2.3,4.37,6.9,1.0,493034.25150992395,239628.6,732662.8515099239,0.0,7.33,9.9,12.1,9.819766177161462,18.657555736606778,29.459298531484386,0.0,0.0,0.0,3.7597322862791276,7.143491343930342,11.279196858837382,0.0,0.0,0.0,7.519766177161462,14.287555736606777,22.559298531484387,80454.79692961767,17399.286270121003,4574.5230263060885
2063-10-01,5.0,9.0,9999.0,7.33,9.9,12.1,2.3,4.37,6.9,1.0,493034.25150992395,239628.6,732662.8515099239,0.0,7.33,9.9,12.1,9.819766177161462,18.657555736606778,29.459298531484386,0.0,0.0,0.0,3.7597322862791276,7.143491343930342,11.279196858837382,0.0,0.0,0.0,7.519766177161462,14.287555736606777,22.559298531484387,78749.88122395957,16513.76118976193,4346.955913186106
2063-11-01,5.0,9.0,9999.0,7.33,9.9,12.1,2.3,4.37,6.9,1.0,493034.25150992395,239628.6,732662.8515099239,0.0,7.33,9.9,12.1,9.819766177161462,18.657555736606778,29.459298531484386,0.0,0.0,0.0,3.7597322862791276,7.143491343930342,11.279196858837382,0.0,0.0,0.0,7.519766177161462,14.287555736606777,22.559298531484387,73648.62491923364,14182.486693783898,3758.478086073874
2063-12-01,5.0,9.0,9999.0,7.33,9.9,12.1,2.3,4.37,6.9,1.0,493034.25150992395,239628.6,732662.8515099239,0.0,7.33,9.9,12.1,9.819766177161462,18.657555736606778,29.459298531484386,0.0,0.0,0.0,3.7597322862791276,7.143491343930342,11.279196858837382,0.0,0.0,0.0,7.519766177161462,14.287555736606777,22.559298531484387,70848.09949277226,13077.078931519223,3486.47245814789
2064-01-01,5.0,9.0,9999.0,7.33,9.9,12.1,2.3,4.37,6.9,1.0,493034.25150992395,239628.6,732662.8515099239,0.0,7.33,9.9,12.1,9.819766177161462,18.657555736606778,29.459298531484386,0.0,0.0,0.0,3.7597322862791276,7.143491343930342,11.279196858837382,0.0,0.0,0.0,7.519766177161462,14.287555736606777,22.559298531484387,70340.54695132976,12887.399320838591,3441.092421063094
2064-02-01,5.0,9.0,9999.0,7.33,9.9,12.1,2.3,4.37,6.9,1.0,493034.25150992395,239628.6,732662.8515099239,0.0,7.33,9.9,12.1,9.819766177161462,18.657555736606778,29.459298531484386,0.0,0.0,0.0,3.7597322862791276,7.143491343930342,11.279196858837382,0.0,0.0,0.0,7.519766177161462,14.287555736606777,22.559298531484387,71118.2141489293,13179.392042853231,3511.3624299320013
2064-03-01,5.0,9.0,9999.0,7.33,9.9,12.1,2.3,4.37,6.9,1.0,493034.25150992395,239628.6,732662.8515099239,0.0,7.33,9.9,12.1,9.819766177161462,18.657555736606778,29.459298531484386,0.0,0.0,0.0,3.7597322862791276,7.143491343930342,11.279196858837382,0.0,0.0,0.0,7.519766177161462,14.287555736606777,22.559298531484387,74510.31061110688,14544.007604089482,3848.374451954631
2064-04-01,5.0,9.0,9999.0,7.33,9.9,12.1,2.3,4.37,6.9,1.0,493034.25150992395,239628.6,732662.8515099239,0.0,7.33,9.9,12.1,9.819766177161462,18.657555736606778,29.459298531484386,0.0,0.0,0.0,3.7597322862791276,7.143491343930342,11.279196858837382,0.0,0.0,0.0,7.519766177161462,14.287555736606777,22.559298531484387,73011.33217811107,13921.310740043264,3693.9126213285704
2064-05-01,5.0,9.0,9999.0,7.33,9.9,12.1,2.3,4.37,6.9,1.0,493034.25150992395,239628.6,732662.8515099239,0.0,7.33,9.9,12.1,9.819766177161462,18.657555736606778,29.459298531484386,0.0,0.0,0.0,3.7597322862791276,7.143491343930342,11.279196858837382,0.0,0.0,0.0,7.519766177161462,14.287555736606777,22.559298531484387,80125.24513783054,17222.85476047408,4529.380687780357
2064-06-01,5.0,9.0,9999.0,7.33,9.9,12.1,2.3,4.37,6.9,1.0,493034.25150992395,239628.6,732662.8515099239,0.0,7.33,9.9,12.1,9.819766177161462,18.657555736606778,29.459298531484386,0.0,0.0,0.0,3.7597322862791276,7.143491343930342,11.279196858837382,0.0,0.0,0.0,7.519766177161462,14.287555736606777,22.559298531484387,81005.1486289259,17698.786765871773,4651.343353545109
2064-07-01,5.0,9.0,9999.0,7.33,9.9,12.1,2.3,4.37,6.9,1.0,493034.25150992395,239628.6,732662.8515099239,0.0,7.33,9.9,12.1,9.819766177161462,18.657555736606778,29.459298531484386,0.0,0.0,0.0,3.7597322862791276,7.143491343930342,11.279196858837382,0.0,0.0,0.0,7.519766177161462,14.287555736606777,22.559298531484387,83054.09703718826,18881.328529420505,4957.774309966253
2064-08-01,5.0,9.0,9999.0,7.33,9.9,12.1,2.3,4.37,6.9,1.0,493034.25150992395,239628.6,732662.8515099239,0.0,7.33,9.9,12.1,9.819766177161462,18.657555736606778,29.459298531484386,0.0,0.0,0.0,3.7597322862791276,7.143491343930342,11.279196858837382,0.0,0.0,0.0,7.519766177161462,14.287555736606777,22.559298531484387,83260.57452113029,19006.180176546546,4990.900748195982
2064-09-01,5.0,9.0,9999.0,7.33,9.9,12.1,2.3,4.37,6.9,1.0,493034.25150992395,239628.6,732662.8515099239,0.0,7.33,9.9,12.1,9.819766177161462,18.657555736606778,29.459298531484386,0.0,0.0,0.0,3.7597322862791276,7.143491343930342,11.279196858837382,0.0,0.0,0.0,7.519766177161462,14.287555736606777,22.559298531484387,82279.4713872293,18422.308803018415,4837.761674498048
2064-10-01,5.0,9.0,9999.0,7.33,9.9,12.1,2.3,4.37,6.9,1.0,493034.25150992395,239628.6,732662.8515099239,0.0,7.33,9.9,12.1,9.819766177161462,18.657555736606778,29.459298531484386,0.0,0.0,0.0,3.7597322862791276,7.143491343930342,11.279196858837382,0.0,0.0,0.0,7.519766177161462,14.287555736606777,22.559298531484387,75337.98205082722,14902.09836844077,3937.5373891760173
2064-11-01,5.0,9.0,9999.0,7.33,9.9,12.1,2.3,4.37,6.9,1.0,493034.25150992395,101442.774,594477.0255099239,313650.0,11.168478148726138,15.081945500780288,18.43348894539813,8.401480674659982,15.962813281853968,25.20444202397995,0.0,0.0,0.0,3.7597322862791276,7.143491343930342,11.279196858837382,3.8384781487261384,5.181945500780287,6.333488945398128,6.1014806746599834,11.592813281853967,18.304442023979952,71477.16783960872,13517.442390596492,3631.944296252225
2064-12-01,5.0,9.0,9999.0,7.33,9.9,12.1,2.3,4.37,6.9,1.0,493034.25150992395,101442.774,594477.0255099239,313650.0,11.168478148726138,15.081945500780288,18.43348894539813,8.401480674659982,15.962813281853968,25.20444202397995,0.0,0.0,0.0,3.7597322862791276,7.143491343930342,11.279196858837382,3.8384781487261384,5.181945500780287,6.333488945398128,6.1014806746599834,11.592813281853967,18.304442023979952,66032.11534992735,11550.213011624139,3152.0090584028762
2065-01-01,5.0,9.0,9999.0,7.33,9.9,12.1,2.3,4.37,6.9,1.0,493034.25150992395,101442.774,594477.0255099239,313650.0,11.168478148726138,15.081945500780288,18.43348894539813,8.401480674659982,15.962813281853968,25.20444202397995,0.0,0.0,0.0,3.7597322862791276,7.143491343930342,11.279196858837382,3.8384781487261384,5.181945500780287,6.333488945398128,6.1014806746599834,11.592813281853967,18.304442023979952,67471.926912746,12039.33298786824,3270.605411601755
2065-02-01,5.0,9.0,9999.0,7.33,9.9,12.1,2.3,4.37,6.9,1.0,493034.25150992395,101442.774,594477.0255099239,313650.0,11.168478148726138,15.081945500780288,18.43348894539813,8.401480674659982,15.962813281853968,25.20444202397995,0.0,0.0,0.0,3.7597322862791276,7.143491343930342,11.279196858837382,3.8384781487261384,5.181945500780287,6.333488945398128,6.1014806746599834,11.592813281853967,18.304442023979952,67067.26186465495,11899.482359353566,3236.7865980558213
2065-03-01,5.0,9.0,9999.0,7.33,9.9,12.1,2.3,4.37,6.9,1.0,493034.25150992395,101442.774,594477.0255099239,313650.0,11.168478148726138,15.081945500780288,18.43348894539813,8.401480674659982,15.962813281853968,25.20444202397995,0.0,0.0,0.0,3.7597322862791276,7.143491343930342,11.279196858837382,3.8384781487261384,5.181945500780287,6.333488945398128,6.1014806746599834,11.592813281853967,18.304442023979952,69083.55432385088,12612.260848030937,3408.644578637803
2065-04-01,5.0,9.0,9999.0,7.33,9.9,12.1,2.3,4.37,6.9,1.0,493034.25150992395,101442.774,594477.0255099239,313650.0,11.168478148726138,15.081945500780288,18.43348894539813,8.401480674659982,15.962813281853968,25.20444202397995,0.0,0.0,0.0,3.7597322862791276,7.143491343930342,11.279196858837382,3.8384781487261384,5.181945500780287,6.333488945398128,6.1014806746599834,11.592813281853967,18.304442023979952,69325.53034742155,12700.721014578243,3429.9057892713877
2065-05-01,5.0,9.0,9999.0,7.33,9.9,12.1,2.3,4.37,6.9,1.0,493034.25150992395,101442.774,594477.0255099239,313650.0,11.168478148726138,15.081945500780288,18.43348894539813,8.401480674659982,15.962813281853968,25.20444202397995,0.0,0.0,0.0,3.7597322862791276,7.143491343930342,11.279196858837382,3.8384781487261384,5.181945500780287,6.333488945398128,6.1014806746599834,11.592813281853967,18.304442023979952,72950.01256889125,14111.42818815644,3781.4399693686787
2065-06-01,5.0,9.0,9999.0,7.33,9.9,12.1,2.3,4.37,6.9,1.0,493034.25150992395,101442.774,594477.0255099239,313650.0,11.168478148726138,15.081945500780288,18.43348894539813,8.401480674659982,15.962813281853968,25.20444202397995,0.0,0.0,0.0,3.7597322862791276,7.143491343930342,11.279196858837382,3.8384781487261384,5.181945500780287,6.333488945398128,6.1014806746599834,11.592813281853967,18.304442023979952,78301.99991553741,16563.73734680493,4413.369087749603
2065-07-01,5.0,9.0,9999.0,7.33,9.9,12.1,2.3,4.37,6.9,1.0,493034.25150992395,101442.774,594477.0255099239,313650.0,11.168478148726138,15.081945500780288,18.43348894539813,8.401480674659982,15.962813281853968,25.20444202397995,0.0,0.0,0.0,3.7597322862791276,7.143491343930342,11.279196858837382,3.8384781487261384,5.181945500780287,6.333488945398128,6.1014806746599834,11.592813281853967,18.304442023979952,77975.18162843025,16399.484910086125,4370.344812600609
2065-08-01,5.0,9.0,9999.0,7.33,9.9,12.1,2.3,4.37,6.9,1.0,493034.25150992395,101442.774,594477.0255099239,313650.0,11.168478148726138,15.081945500780288,18.43348894539813,8.401480674659982,15.962813281853968,25.20444202397995,0.0,0.0,0.0,3.7597322862791276,7.143491343930342,11.279196858837382,3.8384781487261384,5.181945500780287,6.333488945398128,6.1014806746599834,11.592813281853967,18.304442023979952,79340.00927070857,17098.668319146578,4553.4506754813565
2065-09-01,5.0,9.0,9999.0,7.33,9.9,12.1,2.3,4.37,6.9,1.0,493034.25150992395,101442.774,594477.0255099239,313650.0,11.168478148726138,15.081945500780288,18.43348894539813,8.401480674659982,15.962813281853968,25.20444202397995,0.0,0.0,0.0,3.7597322862791276,7.143491343930342,11.279196858837382,3.8384781487261384,5.181945500780287,6.333488945398128,6.1014806746599834,11.592813281853967,18.304442023979952,80930.80430763307,17965.107363470986,4780.198587472267
2065-10-01,5.0,9.0,9999.0,7.33,9.9,12.1,2.3,4.37,6.9,1.0,493034.25150992395,101442.774,594477.0255099239,313650.0,11.168478148726138,15.081945500780288,18.43348894539813,8.401480674659982,15.962813281853968,25.20444202397995,0.0,0.0,0.0,3.7597322862791276,7.143491343930342,11.279196858837382,3.8384781487261384,5.181945500780287,6.333488945398128,6.1014806746599834,11.592813281853967,18.304442023979952,76379.96551133777,15622.98596242796,4168.79348193117
2065-11-01,5.0,9.0,9999.0,7.33,9.9,12.1,2.3,4.37,6.9,1.0,493034.25150992395,101442.774,594477.0255099239,313650.0,11.168478148726138,15.081945500780288,18.43348894539813,8.401480674659982,15.962813281853968,25.20444202397995,0.0,0.0,0.0,3.7597322862791276,7.143491343930342,11.279196858837382,3.8384781487261384,5.181945500780287,6.333488945398128,6.1014806746599834,11.592813281853967,18.304442023979952,69883.65450170897,12907.159877596161,3479.9808849602787
2065-12-01,5.0,9.0,9999.0,7.33,9.9,12.1,2.3,4.37,6.9,1.0,493034.25150992395,101442.774,594477.0255099239,313650.0,11.168478148726138,15.081945500780288,18.43348894539813,8.401480674659982,15.962813281853968,25.20444202397995,0.0,0.0,0.0,3.7597322862791276,7.143491343930342,11.279196858837382,3.8384781487261384,5.181945500780287,6.333488945398128,6.1014806746599834,11.592813281853967,18.304442023979952,65545.73010231578,11388.70635484282,3112.819537408748
2066-01-01,5.0,9.0,9999.0,7.33,9.9,12.1,2.3,4.37,6.9,1.0,493034.25150992395,101442.774,594477.0255099239,313650.0,11.168478148726138,15.081945500780288,18.43348894539813,8.401480674659982,15.962813281853968,25.20444202397995,0.0,0.0,0.0,3.7597322862791276,7.143491343930342,11.279196858837382,3.8384781487261384,5.181945500780287,6.333488945398128,6.1014806746599834,11.592813281853967,18.304442023979952,65602.29093647993,11407.39586753883,3117.351505138678
2066-02-01,5.0,9.0,9999.0,7.33,9.9,12.1,2.3,4.37,6.9,1.0,493034.25150992395,101442.774,594477.0255099239,313650.0,11.168478148726138,15.081945500780288,18.43348894539813,8.401480674659982,15.962813281853968,25.20444202397995,0.0,0.0,0.0,3.7597322862791276,7.143491343930342,11.279196858837382,3.8384781487261384,5.181945500780287,6.333488945398128,6.1014806746599834,11.592813281853967,18.304442023979952,65578.24622954511,11399.446084585961,3115.4240012804703
2066-03-01,5.0,9.0,9999.0,7.33,9.9,12.1,2.3,4.37,6.9,1.0,493034.25150992395,101442.774,594477.0255099239,313650.0,11.168478148726138,15.081945500780288,18.43348894539813,8.401480674659982,15.962813281853968,25.20444202397995,0.0,0.0,0.0,3.7597322862791276,7.143491343930342,11.279196858837382,3.8384781487261384,5.181945500780287,6.333488945398128,6.1014806746599834,11.592813281853967,18.304442023979952,70842.22403678518,13270.80873079621,3570.332048975238
2066-04-01,5.0,9.0,9999.0,7.33,9.9,12.1,2.3,4.37,6.9,1.0,493034.25150992395,101442.774,594477.0255099239,313650.0,11.168478148726138,15.081945500780288,18.43348894539813,8.401480674659982,15.962813281853968,25.20444202397995,0.0,0.0,0.0,3.7597322862791276,7.143491343930342,11.279196858837382,3.8384781487261384,5.181945500780287,6.333488945398128,6.1014806746599834,11.592813281853967,18.304442023979952,75495.6471073128,15213.501108400378,4062.5179796040597
2066-05-01,5.0,9.0,9999.0,7.33,9.9,12.1,2.3,4.37,6.9,1.0,493034.25150992395,101442.774,594477.0255099239,313650.0,11.168478148726138,15.081945500780288,18.43348894539813,8.401480674659982,15.962813281853968,25.20444202397995,0.0,0.0,0.0,3.7597322862791276,7.143491343930342,11.279196858837382,3.8384781487261384,5.181945500780287,6.333488945398128,6.1014806746599834,11.592813281853967,18.304442023979952,76239.01583104895,15556.738382661533,4151.586035895106
2066-06-01,5.0,9.0,9999.0,7.33,9.9,12.1,2.3,4.37,6.9,1.0,493034.25150992395,101442.774,594477.0255099239,313650.0,11.168478148726138,15.081945500780288,18.43348894539813,8.401480674659982,15.962813281853968,25.20444202397995,0.0,0.0,0.0,3.7597322862791276,7.143491343930342,11.279196858837382,3.8384781487261384,5.181945500780287,6.333488945398128,6.1014806746599834,11.592813281853967,18.304442023979952,79632.97076189776,17254.023613578356,4593.976073504991
2066-07-01,5.0,9.0,9999.0,7.33,9.9,12.1,2.3,4.37,6.9,1.0,493034.25150992395,101442.774,594477.0255099239,313650.0,11.168478148726138,15.081945500780288,18.43348894539813,8.401480674659982,15.962813281853968,25.20444202397995,0.0,0.0,0.0,3.7597322862791276,7.143491343930342,11.279196858837382,3.8384781487261384,5.181945500780287,6.333488945398128,6.1014806746599834,11.592813281853967,18.304442023979952,81927.44119360571,18539.03137533254,4931.811510230051
2066-08-01,5.0,9.0,9999.0,7.33,9.9,12.1,2.3,4.37,6.9,1.0,493034.25150992395,101442.774,594477.0255099239,313650.0,11.168478148726138,15.081945500780288,18.43348894539813,8.401480674659982,15.962813281853968,25.20444202397995,0.0,0.0,0.0,3.7597322862791276,7.143491343930342,11.279196858837382,3.8384781487261384,5.181945500780287,6.333488945398128,6.1014806746599834,11.592813281853967,18.304442023979952,79617.35146545338,17245.675309781363,4591.800326341297
2066-09-01,5.0,9.0,9999.0,7.33,9.9,12.1,2.3,4.37,6.9,1.0,493034.25150992395,101442.774,594477.0255099239,313650.0,11.168478148726138,15.081945500780288,18.43348894539813,8.401480674659982,15.962813281853968,25.20444202397995,0.0,0.0,0.0,3.7597322862791276,7.143491343930342,11.279196858837382,3.8384781487261384,5.181945500780287,6.333488945398128,6.1014806746599834,11.592813281853967,18.304442023979952,78993.78040606182,16917.817033404943,4506.153355707134
2066-10-01,5.0,9.0,9999.0,7.33,9.9,12.1,2.3,4.37,6.9,1.0,493034.25150992395,101442.774,594477.0255099239,313650.0,11.168478148726138,15.081945500780288,18.43348894539813,8.401480674659982,15.962813281853968,25.20444202397995,0.0,0.0,0.0,3.7597322862791276,7.143491343930342,11.279196858837382,3.8384781487261384,5.181945500780287,6.333488945398128,6.1014806746599834,11.592813281853967,18.304442023979952,75620.62290539047,15270.539434371247,4077.245675879001
2066-11-01,5.0,9.0,9999.0,7.33,9.9,12.1,2.3,4.37,6.9,1.0,493034.25150992395,101442.774,594477.0255099239,313650.0,11.168478148726138,15.081945500780288,18.43348894539813,8.401480674659982,15.962813281853968,25.20444202397995,0.0,0.0,0.0,3.7597322862791276,7.143491343930342,11.279196858837382,3.8384781487261384,5.181945500780287,6.333488945398128,6.1014806746599834,11.592813281853967,18.304442023979952,68232.87711899592,12306.715552710104,3335.041073944277
2066-12-01,5.0,9.0,9999.0,7.33,9.9,12.1,2.3,4.37,6.9,1.0,493034.25150992395,101442.774,594477.0255099239,313650.0,11.168478148726138,15.081945500780288,18.43348894539813,8.401480674659982,15.962813281853968,25.20444202397995,0.0,0.0,0.0,3.7597322862791276,7.143491343930342,11.279196858837382,3.8384781487261384,5.181945500780287,6.333488945398128,6.1014806746599834,11.592813281853967,18.304442023979952,64518.1600271032,11055.281995309622,3032.1691531282086
2067-01-01,5.0,9.0,9999.0,7.33,9.9,12.1,2.3,4.37,6.9,1.0,493034.25150992395,101442.774,594477.0255099239,313650.0,11.168478148726138,15.081945500780288,18.43348894539813,8.401480674659982,15.962813281853968,25.20444202397995,0.0,0.0,0.0,3.7597322862791276,7.143491343930342,11.279196858837382,3.8384781487261384,5.181945500780287,6.333488945398128,6.1014806746599834,11.592813281853967,18.304442023979952,65607.20990611431,11409.022674828237,3117.745883775143
2067-02-01,5.0,9.0,9999.0,7.33,9.9,12.1,2.3,4.37,6.9,1.0,493034.25150992395,101442.774,594477.0255099239,313650.0,11.168478148726138,15.081945500780288,18.43348894539813,8.401480674659982,15.962813281853968,25.20444202397995,0.0,0.0,0.0,3.7597322862791276,7.143491343930342,11.279196858837382,3.8384781487261384,5.181945500780287,6.333488945398128,6.1014806746599834,11.592813281853967,18.304442023979952,66016.15821911006,11544.884537927539,3150.7141796880305
2067-03-01,5.0,9.0,9999.0,7.33,9.9,12.1,2.3,4.37,6.9,1.0,493034.25150992395,101442.774,594477.0255099239,313650.0,11.168478148726138,15.081945500780288,18.43348894539813,8.401480674659982,15.962813281853968,25.20444202397995,0.0,0.0,0.0,3.7597322862791276,7.143491343930342,11.279196858837382,3.8384781487261384,5.181945500780287,6.333488945398128,6.1014806746599834,11.592813281853967,18.304442023979952,66143.24088491712,11587.326388659792,3161.0287701725456
2067-04-01,5.0,9.0,9999.0,7.33,9.9,12.1,2.3,4.37,6.9,1.0,493034.25150992395,101442.774,594477.0255099239,313650.0,11.168478148726138,15.081945500780288,18.43348894539813,8.401480674659982,15.962813281853968,25.20444202397995,0.0,0.0,0.0,3.7597322862791276,7.143491343930342,11.279196858837382,3.8384781487261384,5.181945500780287,6.333488945398128,6.1014806746599834,11.592813281853967,18.304442023979952,73124.5552519982,14183.914487822052,3799.7273731917035
2067-05-01,5.0,9.0,9999.0,7.33,9.9,12.1,2.3,4.37,6.9,1.0,493034.25150992395,101442.774,594477.0255099239,313650.0,11.168478148726138,15.081945500780288,18.43348894539813,8.401480674659982,15.962813281853968,25.20444202397995,0.0,0.0,0.0,3.7597322862791276,7.143491343930342,11.279196858837382,3.8384781487261384,5.181945500780287,6.333488945398128,6.1014806746599834,11.592813281853967,18.304442023979952,72793.47702602252,14046.77243441286,3765.1094605701983
2067-06-01,5.0,9.0,9999.0,7.33,9.9,12.1,2.3,4.37,6.9,1.0,493034.25150992395,101442.774,594477.0255099239,313650.0,11.168478148726138,15.081945500780288,18.43348894539813,8.401480674659982,15.962813281853968,25.20444202397995,0.0,0.0,0.0,3.7597322862791276,7.143491343930342,11.279196858837382,3.8384781487261384,5.181945500780287,6.333488945398128,6.1014806746599834,11.592813281853967,18.304442023979952,73589.06096929953,14378.645172990202,3848.9599425577117
2067-07-01,5.0,9.0,9999.0,7.33,9.9,12.1,2.3,4.37,6.9,1.0,493034.25150992395,101442.774,594477.0255099239,313650.0,11.168478148726138,15.081945500780288,18.43348894539813,8.401480674659982,15.962813281853968,25.20444202397995,0.0,0.0,0.0,3.7597322862791276,7.143491343930342,11.279196858837382,3.8384781487261384,5.181945500780287,6.333488945398128,6.1014806746599834,11.592813281853967,18.304442023979952,77207.32279248997,16020.000484237413,4271.4106417966395
2067-08-01,5.0,9.0,9999.0,7.33,9.9,12.1,2.3,4.37,6.9,1.0,493034.25150992395,101442.774,594477.0255099239,313650.0,11.168478148726138,15.081945500780288,18.43348894539813,8.401480674659982,15.962813281853968,25.20444202397995,0.0,0.0,0.0,3.7597322862791276,7.143491343930342,11.279196858837382,3.8384781487261384,5.181945500780287,6.333488945398128,6.1014806746599834,11.592813281853967,18.304442023979952,80870.82241300335,17931.392973824564,4771.329118407355
2067-09-01,5.0,9.0,9999.0,7.33,9.9,12.1,2.3,4.37,6.9,1.0,493034.25150992395,101442.774,594477.0255099239,313650.0,11.168478148726138,15.081945500780288,18.43348894539813,8.401480674659982,15.962813281853968,25.20444202397995,0.0,0.0,0.0,3.7597322862791276,7.143491343930342,11.279196858837382,3.8384781487261384,5.181945500780287,6.333488945398128,6.1014806746599834,11.592813281853967,18.304442023979952,77417.35322917688,16122.975755084035,4298.121144815953
2067-10-01,5.0,9.0,9999.0,7.33,9.9,12.1,2.3,4.37,6.9,1.0,493034.25150992395,101442.774,594477.0255099239,313650.0,11.168478148726138,15.081945500780288,18.43348894539813,8.401480674659982,15.962813281853968,25.20444202397995,0.0,0.0,0.0,3.7597322862791276,7.143491343930342,11.279196858837382,3.8384781487261384,5.181945500780287,6.333488945398128,6.1014806746599834,11.592813281853967,18.304442023979952,77761.05603785234,16292.876100611245,4342.435620279689
2067-11-01,5.0,9.0,9999.0,7.33,9.9,12.1,2.3,4.37,6.9,1.0,493034.25150992395,101442.774,594477.0255099239,313650.0,11.168478148726138,15.081945500780288,18.43348894539813,8.401480674659982,15.962813281853968,25.20444202397995,0.0,0.0,0.0,3.7597322862791276,7.143491343930342,11.279196858837382,3.8384781487261384,5.181945500780287,6.333488945398128,6.1014806746599834,11.592813281853967,18.304442023979952,69139.30074977028,12632.593958550964,3413.5368720819456
2067-12-01,5.0,9.0,9999.0,7.33,9.9,12.1,2.3,4.37,6.9,1.0,493034.25150992395,101442.774,594477.0255099239,313650.0,11.168478148726138,15.081945500780288,18.43348894539813,8.401480674659982,15.962813281853968,25.20444202397995,0.0,0.0,0.0,3.7597322862791276,7.143491343930342,11.279196858837382,3.8384781487261384,5.181945500780287,6.333488945398128,6.1014806746599834,11.592813281853967,18.304442023979952,67379.71807427751,12007.350038082277,3262.8760172476723
2068-01-01,5.0,9.0,9999.0,7.33,9.9,12.1,2.3,4.37,6.9,1.0,493034.25150992395,101442.774,594477.0255099239,313650.0,11.168478148726138,15.081945500780288,18.43348894539813,8.401480674659982,15.962813281853968,25.20444202397995,0.0,0.0,0.0,3.7597322862791276,7.143491343930342,11.279196858837382,3.8384781487261384,5.181945500780287,6.333488945398128,6.1014806746599834,11.592813281853967,18.304442023979952,67405.77646871065,12016.387728059051,3265.0590219082596
2068-02-01,5.0,9.0,9999.0,7.33,9.9,12.1,2.3,4.37,6.9,1.0,493034.25150992395,101442.774,594477.0255099239,313650.0,11.168478148726138,15.081945500780288,18.43348894539813,8.401480674659982,15.962813281853968,25.20444202397995,0.0,0.0,0.0,3.7597322862791276,7.143491343930342,11.279196858837382,3.8384781487261384,5.181945500780287,6.333488945398128,6.1014806746599834,11.592813281853967,18.304442023979952,69576.2602184762,12793.059322846779,3452.1584086939347
2068-03-01,5.0,9.0,9999.0,7.33,9.9,12.1,2.3,4.37,6.9,1.0,493034.25150992395,101442.774,594477.0255099239,313650.0,11.168478148726138,15.081945500780288,18.43348894539813,8.401480674659982,15.962813281853968,25.20444202397995,0.0,0.0,0.0,3.7597322862791276,7.143491343930342,11.279196858837382,3.8384781487261384,5.181945500780287,6.333488945398128,6.1014806746599834,11.592813281853967,18.304442023979952,71809.98956328751,13649.008247508129,3664.938889581639
2068-04-01,5.0,9.0,9999.0,7.33,9.9,12.1,2.3,4.37,6.9,1.0,493034.25150992395,101442.774,594477.0255099239,313650.0,11.168478148726138,15.081945500780288,18.43348894539813,8.401480674659982,15.962813281853968,25.20444202397995,0.0,0.0,0.0,3.7597322862791276,7.143491343930342,11.279196858837382,3.8384781487261384,5.181945500780287,6.333488945398128,6.1014806746599834,11.592813281853967,18.304442023979952,70779.76458235533,13246.825078919543,3564.345307921968
2068-05-01,5.0,9.0,9999.0,7.33,9.9,12.1,2.3,4.37,6.9,1.0,493034.25150992395,101442.774,594477.0255099239,313650.0,11.168478148726138,15.081945500780288,18.43348894539813,8.401480674659982,15.962813281853968,25.20444202397995,0.0,0.0,0.0,3.7597322862791276,7.143491343930342,11.279196858837382,3.8384781487261384,5.181945500780287,6.333488945398128,6.1014806746599834,11.592813281853967,18.304442023979952,73090.75452155196,14169.836694185424,3796.1780460094333
2068-06-01,5.0,9.0,9999.0,7.33,9.9,12.1,2.3,4.37,6.9,1.0,493034.25150992395,101442.774,594477.0255099239,313650.0,11.168478148726138,15.081945500780288,18.43348894539813,8.401480674659982,15.962813281853968,25.20444202397995,0.0,0.0,0.0,3.7597322862791276,7.143491343930342,11.279196858837382,3.8384781487261384,5.181945500780287,6.333488945398128,6.1014806746599834,11.592813281853967,18.304442023979952,78473.64239483977,16650.73400860675,4436.180629166923
2068-07-01,5.0,9.0,9999.0,7.33,9.9,12.1,2.3,4.37,6.9,1.0,493034.25150992395,101442.774,594477.0255099239,313650.0,11.168478148726138,15.081945500780288,18.43348894539813,8.401480674659982,15.962813281853968,25.20444202397995,0.0,0.0,0.0,3.7597322862791276,7.143491343930342,11.279196858837382,3.8384781487261384,5.181945500780287,6.333488945398128,6.1014806746599834,11.592813281853967,18.304442023979952,81581.89353279531,18336.87743717398,4878.0845054781785
2068-08-01,5.0,9.0,9999.0,7.33,9.9,12.1,2.3,4.37,6.9,1.0,493034.25150992395,101442.774,594477.0255099239,313650.0,11.168478148726138,15.081945500780288,18.43348894539813,8.401480674659982,15.962813281853968,25.20444202397995,0.0,0.0,0.0,3.7597322862791276,7.143491343930342,11.279196858837382,3.8384781487261384,5.181945500780287,6.333488945398128,6.1014806746599834,11.592813281853967,18.304442023979952,82349.48613961223,18789.402404687095,4999.272878828531
2068-09-01,5.0,9.0,9999.0,7.33,9.9,12.1,2.3,4.37,6.9,1.0,493034.25150992395,101442.774,594477.0255099239,313650.0,11.168478148726138,15.081945500780288,18.43348894539813,8.401480674659982,15.962813281853968,25.20444202397995,0.0,0.0,0.0,3.7597322862791276,7.143491343930342,11.279196858837382,3.8384781487261384,5.181945500780287,6.333488945398128,6.1014806746599834,11.592813281853967,18.304442023979952,83624.79936701334,19573.23135255785,5212.580645417139
2068-10-01,5.0,9.0,9999.0,7.33,9.9,12.1,2.3,4.37,6.9,1.0,493034.25150992395,101442.774,594477.0255099239,313650.0,11.168478148726138,15.081945500780288,18.43348894539813,8.401480674659982,15.962813281853968,25.20444202397995,0.0,0.0,0.0,3.7597322862791276,7.143491343930342,11.279196858837382,3.8384781487261384,5.181945500780287,6.333488945398128,6.1014806746599834,11.592813281853967,18.304442023979952,78178.7649748302,16501.62081083977,4397.083674883487
2068-11-01,5.0,9.0,9999.0,7.33,9.9,12.1,2.3,4.37,6.9,1.0,493034.25150992395,0.0,493034.25150992395,1143080.0,21.31912036424637,28.785312491732604,35.18204860100651,7.36031154854618,13.984591942237742,22.080934645638543,9.34491797460767,12.615639265720356,15.419114658102654,2.7934912148157873,5.307633308149995,8.380473644447362,13.98912036424637,18.885312491732602,23.08204860100651,5.0603115485461805,9.614591942237743,15.18093464563854,66626.3811352859,11954.9566013736,3292.4271634845463
2068-12-01,5.0,9.0,9999.0,7.33,9.9,12.1,2.3,4.37,6.9,1.0,493034.25150992395,0.0,493034.25150992395,1143080.0,21.31912036424637,28.785312491732604,35.18204860100651,7.36031154854618,13.984591942237742,22.080934645638543,9.34491797460767,12.615639265720356,15.419114658102654,2.7934912148157873,5.307633308149995,8.380473644447362,13.98912036424637,18.885312491732602,23.08204860100651,5.0603115485461805,9.614591942237743,15.18093464563854,62319.28772813006,10541.067258302714,2942.627725541702
2069-01-01,5.0,9.0,9999.0,7.33,9.9,12.1,2.3,4.37,6.9,1.0,493034.25150992395,0.0,493034.25150992395,1143080.0,21.31912036424637,28.785312491732604,35.18204860100651,7.36031154854618,13.984591942237742,22.080934645638543,9.34491797460767,12.615639265720356,15.419114658102654,2.7934912148157873,5.307633308149995,8.380473644447362,13.98912036424637,18.885312491732602,23.08204860100651,5.0603115485461805,9.614591942237743,15.18093464563854,63240.22880545592,10828.992625073884,3013.7229451535945
2069-02-01,5.0,9.0,9999.0,7.33,9.9,12.1,2.3,4.37,6.9,1.0,493034.25150992395,0.0,493034.25150992395,1143080.0,21.31912036424637,28.785312491732604,35.18204860100651,7.36031154854618,13.984591942237742,22.080934645638543,9.34491797460767,12.615639265720356,15.419114658102654,2.7934912148157873,5.307633308149995,8.380473644447362,13.98912036424637,18.885312491732602,23.08204860100651,5.0603115485461805,9.614591942237743,15.18093464563854,64354.498598359925,11188.634556870205,3102.634441205557
2069-03-01,5.0,9.0,9999.0,7.33,9.9,12.1,2.3,4.37,6.9,1.0,493034.25150992395,0.0,493034.25150992395,1143080.0,21.31912036424637,28.785312491732604,35.18204860100651,7.36031154854618,13.984591942237742,22.080934645638543,9.34491797460767,12.615639265720356,15.419114658102654,2.7934912148157873,5.307633308149995,8.380473644447362,13.98912036424637,18.885312491732602,23.08204860100651,5.0603115485461805,9.614591942237743,15.18093464563854,67020.96489784506,12093.097140712069,3326.487055529465
2069-04-01,5.0,9.0,9999.0,7.33,9.9,12.1,2.3,4.37,6.9,1.0,493034.25150992395,0.0,493034.25150992395,1143080.0,21.31912036424637,28.785312491732604,35.18204860100651,7.36031154854618,13.984591942237742,22.080934645638543,9.34491797460767,12.615639265720356,15.419114658102654,2.7934912148157873,5.307633308149995,8.380473644447362,13.98912036424637,18.885312491732602,23.08204860100651,5.0603115485461805,9.614591942237743,15.18093464563854,69604.78338219631,13038.522217330015,3562.2588689663935
2069-05-01,5.0,9.0,9999.0,7.33,9.9,12.1,2.3,4.37,6.9,1.0,493034.25150992395,0.0,493034.25150992395,1143080.0,21.31912036424637,28.785312491732604,35.18204860100651,7.36031154854618,13.984591942237742,22.080934645638543,9.34491797460767,12.615639265720356,15.419114658102654,2.7934912148157873,5.307633308149995,8.380473644447362,13.98912036424637,18.885312491732602,23.08204860100651,5.0603115485461805,9.614591942237743,15.18093464563854,73188.69197699815,14485.394277878893,3935.3004703335628
2069-06-01,5.0,9.0,9999.0,7.33,9.9,12.1,2.3,4.37,6.9,1.0,493034.25150992395,0.0,493034.25150992395,1143080.0,21.31912036424637,28.785312491732604,35.18204860100651,7.36031154854618,13.984591942237742,22.080934645638543,9.34491797460767,12.615639265720356,15.419114658102654,2.7934912148157873,5.307633308149995,8.380473644447362,13.98912036424637,18.885312491732602,23.08204860100651,5.0603115485461805,9.614591942237743,15.18093464563854,76016.55012498441,15766.250769439233,4275.145998024446
2069-07-01,5.0,9.0,9999.0,7.33,9.9,12.1,2.3,4.37,6.9,1.0,493034.25150992395,0.0,493034.25150992395,1143080.0,21.31912036424637,28.785312491732604,35.18204860100651,7.36031154854618,13.984591942237742,22.080934645638543,9.34491797460767,12.615639265720356,15.419114658102654,2.7934912148157873,5.307633308149995,8.380473644447362,13.98912036424637,18.885312491732602,23.08204860100651,5.0603115485461805,9.614591942237743,15.18093464563854,75950.15685940764,15734.434964053013,4266.679029081424
2069-08-01,5.0,9.0,9999.0,7.33,9.9,12.1,2.3,4.37,6.9,1.0,493034.25150992395,0.0,493034.25150992395,1143080.0,21.31912036424637,28.785312491732604,35.18204860100651,7.36031154854618,13.984591942237742,22.080934645638543,9.34491797460767,12.615639265720356,15.419114658102654,2.7934912148157873,5.307633308149995,8.380473644447362,13.98912036424637,18.885312491732602,23.08204860100651,5.0603115485461805,9.614591942237743,15.18093464563854,76314.17740528201,15910.251991923315,4313.544694356352
2069-09-01,5.0,9.0,9999.0,7.33,9.9,12.1,2.3,4.37,6.9,1.0,493034.25150992395,0.0,493034.25150992395,1143080.0,21.31912036424637,28.785312491732604,35.18204860100651,7.36031154854618,13.984591942237742,22.080934645638543,9.34491797460767,12.615639265720356,15.419114658102654,2.7934912148157873,5.307633308149995,8.380473644447362,13.98912036424637,18.885312491732602,23.08204860100651,5.0603115485461805,9.614591942237743,15.18093464563854,77975.66936586892,16741.009649006235,4535.907033926403
2069-10-01,5.0,9.0,9999.0,7.33,9.9,12.1,2.3,4.37,6.9,1.0,493034.25150992395,0.0,493034.25150992395,1143080.0,21.31912036424637,28.785312491732604,35.18204860100651,7.36031154854618,13.984591942237742,22.080934645638543,9.34491797460767,12.615639265720356,15.419114658102654,2.7934912148157873,5.307633308149995,8.380473644447362,13.98912036424637,18.885312491732602,23.08204860100651,5.0603115485461805,9.614591942237743,15.18093464563854,71979.06900181154,13976.958236484057,3803.5428915906887
2069-11-01,5.0,9.0,9999.0,7.33,9.9,12.1,2.3,4.37,6.9,1.0,493034.25150992395,0.0,493034.25150992395,1143080.0,21.31912036424637,28.785312491732604,35.18204860100651,7.36031154854618,13.984591942237742,22.080934645638543,9.34491797460767,12.615639265720356,15.419114658102654,2.7934912148157873,5.307633308149995,8.380473644447362,13.98912036424637,18.885312491732602,23.08204860100651,5.0603115485461805,9.614591942237743,15.18093464563854,66515.63126399921,11916.473001164513,3282.941662280995
2069-12-01,5.0,9.0,9999.0,7.33,9.9,12.1,2.3,4.37,6.9,1.0,493034.25150992395,0.0,493034.25150992395,1143080.0,21.31912036424637,28.785312491732604,35.18204860100651,7.36031154854618,13.984591942237742,22.080934645638543,9.34491797460767,12.615639265720356,15.419114658102654,2.7934912148157873,5.307633308149995,8.380473644447362,13.98912036424637,18.885312491732602,23.08204860100651,5.0603115485461805,9.614591942237743,15.18093464563854,62287.232810126094,10531.22694332517,2940.1872936160876
2070-01-01,5.0,9.0,9999.0,7.33,9.9,12.1,2.3,4.37,6.9,1.0,493034.25150992395,0.0,493034.25150992395,1143080.0,21.31912036424637,28.785312491732604,35.18204860100651,7.36031154854618,13.984591942237742,22.080934645638543,9.34491797460767,12.615639265720356,15.419114658102654,2.7934912148157873,5.307633308149995,8.380473644447362,13.98912036424637,18.885312491732602,23.08204860100651,5.0603115485461805,9.614591942237743,15.18093464563854,63954.78226223412,11058.333782642281,3070.3142209152993
2070-02-01,5.0,9.0,9999.0,7.33,9.9,12.1,2.3,4.37,6.9,1.0,493034.25150992395,0.0,493034.25150992395,1143080.0,21.31912036424637,28.785312491732604,35.18204860100651,7.36031154854618,13.984591942237742,22.080934645638543,9.34491797460767,12.615639265720356,15.419114658102654,2.7934912148157873,5.307633308149995,8.380473644447362,13.98912036424637,18.885312491732602,23.08204860100651,5.0603115485461805,9.614591942237743,15.18093464563854,63084.86109775416,10779.685646330623,3001.5737004352336
2070-03-01,5.0,9.0,9999.0,7.33,9.9,12.1,2.3,4.37,6.9,1.0,493034.25150992395,0.0,493034.25150992395,1143080.0,21.31912036424637,28.785312491732604,35.18204860100651,7.36031154854618,13.984591942237742,22.080934645638543,9.34491797460767,12.615639265720356,15.419114658102654,2.7934912148157873,5.307633308149995,8.380473644447362,13.98912036424637,18.885312491732602,23.08204860100651,5.0603115485461805,9.614591942237743,15.18093464563854,66179.29245469825,11800.600196006377,3254.275309428685
2070-04-01,5.0,9.0,9999.0,7.33,9.9,12.1,2.3,4.37,6.9,1.0,493034.25150992395,0.0,493034.25150992395,1143080.0,21.31912036424637,28.785312491732604,35.18204860100651,7.36031154854618,13.984591942237742,22.080934645638543,9.34491797460767,12.615639265720356,15.419114658102654,2.7934912148157873,5.307633308149995,8.380473644447362,13.98912036424637,18.885312491732602,23.08204860100651,5.0603115485461805,9.614591942237743,15.18093464563854,66919.00114596388,12057.229225613364,3317.647907092921
2070-05-01,5.0,9.0,9999.0,7.33,9.9,12.1,2.3,4.37,6.9,1.0,493034.25150992395,0.0,493034.25150992395,1143080.0,21.31912036424637,28.785312491732604,35.18204860100651,7.36031154854618,13.984591942237742,22.080934645638543,9.34491797460767,12.615639265720356,15.419114658102654,2.7934912148157873,5.307633308149995,8.380473644447362,13.98912036424637,18.885312491732602,23.08204860100651,5.0603115485461805,9.614591942237743,15.18093464563854,67653.038840685,12318.04765727732,3381.84058024168
2070-06-01,5.0,9.0,9999.0,7.33,9.9,12.1,2.3,4.37,6.9,1.0,493034.25150992395,0.0,493034.25150992395,1143080.0,21.31912036424637,28.785312491732604,35.18204860100651,7.36031154854618,13.984591942237742,22.080934645638543,9.34491797460767,12.615639265720356,15.419114658102654,2.7934912148157873,5.307633308149995,8.380473644447362,13.98912036424637,18.885312491732602,23.08204860100651,5.0603115485461805,9.614591942237743,15.18093464563854,72939.62670408435,14379.184384237404,3907.6403269836337
2070-07-01,5.0,9.0,9999.0,7.33,9.9,12.1,2.3,4.37,6.9,1.0,493034.25150992395,0.0,493034.25150992395,1143080.0,21.31912036424637,28.785312491732604,35.18204860100651,7.36031154854618,13.984591942237742,22.080934645638543,9.34491797460767,12.615639265720356,15.419114658102654,2.7934912148157873,5.307633308149995,8.380473644447362,13.98912036424637,18.885312491732602,23.08204860100651,5.0603115485461805,9.614591942237743,15.18093464563854,77917.21769432635,16710.987336069902,4527.843005865132
2070-08-01,5.0,9.0,9999.0,7.33,9.9,12.1,2.3,4.37,6.9,1.0,493034.25150992395,0.0,493034.25150992395,1143080.0,21.31912036424637,28.785312491732604,35.18204860100651,7.36031154854618,13.984591942237742,22.080934645638543,9.34491797460767,12.615639265720356,15.419114658102654,2.7934912148157873,5.307633308149995,8.380473644447362,13.98912036424637,18.885312491732602,23.08204860100651,5.0603115485461805,9.614591942237743,15.18093464563854,79275.68515955588,17427.10665827688,4719.9492036852325
2070-09-01,5.0,9.0,9999.0,7.33,9.9,12.1,2.3,4.37,6.9,1.0,493034.25150992395,0.0,493034.25150992395,1143080.0,21.31912036424637,28.785312491732604,35.18204860100651,7.36031154854618,13.984591942237742,22.080934645638543,9.34491797460767,12.615639265720356,15.419114658102654,2.7934912148157873,5.307633308149995,8.380473644447362,13.98912036424637,18.885312491732602,23.08204860100651,5.0603115485461805,9.614591942237743,15.18093464563854,76427.53130286679,15965.531101185456,4328.311022933928
